stopID,stopName,baselineAvgMinutes,closedStopAvgMinutes,deltaMinutes,walkOnlyTrips,note
"000000000793","Randkløve Allé (Amager Landevej)",62.42,62.37,-0.05,123,"3 baseline trips used this stop"
"000000007067","Vigerslevvej (Vigerslev Allé)",62.42,62.39,-0.03,123,"4 baseline trips used this stop"
"000000000791","Gammel Kirkevej (Amager Landevej)",62.42,62.39,-0.02,124,"3 baseline trips used this stop"
"000000001950","Italiensvej  Hospitalet (Backersvej)",62.42,62.41,-0.01,123,"1 baseline trips used this stop"
"000000001953","Bulgariensgade (Østrigsgade)",62.42,62.41,-0.01,123,"2 baseline trips used this stop"
"000000001951","Florensvej (Backersvej)",62.42,62.41,-0.01,123,"1 baseline trips used this stop"
"000000027528","Lergravsparken St. (Østrigsgade)",62.42,62.41,-0.01,123,"1 baseline trips used this stop"
"000000045450","Jemtelandsgade (Holmbladsgade)",62.42,62.41,-0.01,123,"2 baseline trips used this stop"
"000000007088","Danhaven (Folehaven)",62.42,62.41,-0.01,123,"2 baseline trips used this stop"
"000000007087","Hestehaven (Folehaven)",62.42,62.41,-0.01,123,"2 baseline trips used this stop"
"000000007061","Peder Hjorts Vej (Vigerslev Allé)",62.42,62.42,-0.00,123,"1 baseline trips used this stop"
"000000007060","Toftegårds Plads (Vigerslev Allé)",62.42,62.42,-0.00,123,"2 baseline trips used this stop"
"000008603310","Islands Brygge St. (Metro)",62.42,62.42,0.00,123,"1 baseline trips used this stop"
"000008603312","Sundby St. (Metro)",62.42,62.42,0.00,123,"1 baseline trips used this stop"
"000008603313","Bella Center St. (Metro)",62.42,62.42,0.00,123,"3 baseline trips used this stop"
"000008603315","Ørestad St. (Metro)",62.42,62.42,0.00,123,"3 baseline trips used this stop"
"000000053719","Bøgevang (Sirgræsvej)",62.42,62.42,0.00,123,"2 baseline trips used this stop"
"000008603317","Vestamager St. (Metro)",62.42,62.42,0.00,123,"2 baseline trips used this stop"
"000000053710","Røllikevej (Sirgræsvej)",62.42,62.42,0.00,123,"1 baseline trips used this stop"
"000000001034","Christmas Møllers Plads (Vermlandsgade)",62.42,62.42,0.00,123,"1 baseline trips used this stop"
"000000002123","Gadelandet (Bystævnet)",62.42,62.42,0.00,123,"2 baseline trips used this stop"
"000008603323","Øresund St. (Metro)",62.42,62.42,0.00,123,"2 baseline trips used this stop"
"000008603322","Lergravsparken St. (Metro)",62.42,62.42,0.00,123,"1 baseline trips used this stop"
"000008603327","Kastrup St. (Metro)",62.42,62.42,0.00,123,"3 baseline trips used this stop"
"000008603328","Københavns Lufthavn St. (Metro)",62.42,62.42,0.00,123,"3 baseline trips used this stop"
"000000001046","Ved Amagerbanen (Prags Boulevard)",62.42,62.42,0.00,123,"1 baseline trips used this stop"
"000000001049","Uplandsgade (Vermlandsgade)",62.42,62.42,0.00,123,"2 baseline trips used this stop"
"000000043928","Brønshøj Torv (Krabbesholmvej)",62.42,62.42,0.00,123,"1 baseline trips used this stop"
"000000053720","Bøgevang",62.42,62.42,0.00,123,"2 baseline trips used this stop"
"000000043930","Annebergvej (Bellahøjvej)",62.42,62.42,0.00,123,"1 baseline trips used this stop"
"000000002110","Åbjergvej (Ålekistevej)",62.42,62.42,0.00,123,"3 baseline trips used this stop"
"000000002111","Hyltebjerg Allé (Ålekistevej)",62.42,62.42,0.00,123,"1 baseline trips used this stop"
"000000002595","Emdrup Torv (Emdrupvej)",62.42,62.42,0.00,123,"2 baseline trips used this stop"
"000000027643","Holmbladsgade (Strandlodsvej)",62.42,62.42,0.00,123,"1 baseline trips used this stop"
"000000002107","Peter Bangs Vej (Roskildevej)",62.42,62.42,0.00,123,"1 baseline trips used this stop"
"000000002109","Peter Bangs Vej (Ålekistevej)",62.42,62.42,0.00,123,"3 baseline trips used this stop"
"000008603301","Vanløse St. (Metro)",62.42,62.42,0.00,123,"1 baseline trips used this stop"
"000008603302","Flintholm St. (Metro)",62.42,62.42,0.00,123,"2 baseline trips used this stop"
"000008603306","Forum St. (Metro)",62.42,62.42,0.00,123,"1 baseline trips used this stop"
"000008603309","Christianshavn St. (Metro)",62.42,62.42,0.00,123,"1 baseline trips used this stop"
"000000027640","Kastrupvej (Wibrandtsvej)",62.42,62.42,0.00,123,"1 baseline trips used this stop"
"000000001275","Mathildevej (Søndre Fasanvej)",62.42,62.42,0.00,123,"1 baseline trips used this stop"
"000000001030","Frieslandsvej (Kongelundsvej)",62.42,62.42,0.00,123,"1 baseline trips used this stop"
"000000001273","Fasanvej St. (Nordre Fasanvej)",62.42,62.42,0.00,123,"1 baseline trips used this stop"
"000000002114","Jyllingevej (Ålekistevej)",62.42,62.42,0.00,123,"2 baseline trips used this stop"
"000000001025","Præstefælledvej (Løjtegårdsvej)",62.42,62.42,0.00,123,"2 baseline trips used this stop"
"000000001268","Borups Allé (Nordre Fasanvej)",62.42,62.42,0.00,123,"1 baseline trips used this stop"
"000000001026","Egensevej (Løjtegårdsvej)",62.42,62.42,0.00,123,"2 baseline trips used this stop"
"000000001024","Englandsvej (Løjtegårdsvej)",62.42,62.42,0.00,123,"1 baseline trips used this stop"
"000000027637","Backersvej (Wibrandtsvej)",62.42,62.42,0.00,123,"1 baseline trips used this stop"
"000000001029","Goudavej (Kongelundsvej)",62.42,62.42,0.00,123,"1 baseline trips used this stop"
"000000010195","Nordens Plads",62.42,62.42,0.00,123,"1 baseline trips used this stop"
"000000010193","Marielystvej Midt (Marielystvej)",62.42,62.42,0.00,123,"1 baseline trips used this stop"
"000000054609","Amagerværket  Vindmøllevej (Vindmøllevej)",62.42,62.42,0.00,123,"1 baseline trips used this stop"
"000000001241","Hillerødgade (Nordre Fasanvej)",62.42,62.42,0.00,123,"1 baseline trips used this stop"
"000000001000","Amagerhallen (Løjtegårdsvej)",62.42,62.42,0.00,123,"1 baseline trips used this stop"
"000000001234","Mathildevej (Søndre Fasanvej)",62.42,62.42,0.00,123,"1 baseline trips used this stop"
"000000051573","Sydhavn St. (Tranehavevej)",62.42,62.42,0.00,123,"1 baseline trips used this stop"
"000000051575","Tranehavegård (Tranehavevej)",62.42,62.42,0.00,123,"1 baseline trips used this stop"
"000000045905","Ved Bellahøj Nord (Bellahøjvej)",62.42,62.42,0.00,123,"1 baseline trips used this stop"
"000000001011","Goudavej (Kongelundsvej)",62.42,62.42,0.00,123,"1 baseline trips used this stop"
"000000002340","Frederiksberg Allé St. (Frederiksberg Allé)",62.42,62.42,0.00,123,"2 baseline trips used this stop"
"000000001251","Kildevældsparken (Vennemindevej)",62.42,62.42,0.00,123,"1 baseline trips used this stop"
"000000001004","Bachersmindelejren (Fælledvej)",62.42,62.42,0.00,123,"1 baseline trips used this stop"
"000000001001","Løjtegårdsskolen (Løjtegårdsvej)",62.42,62.42,0.00,123,"2 baseline trips used this stop"
"000000001002","Store Magleby Strandvej (Bachersmindevej)",62.42,62.42,0.00,123,"1 baseline trips used this stop"
"000000001249","Skt. Kjelds Plads (Nygårdsvej)",62.42,62.42,0.00,123,"2 baseline trips used this stop"
"000000002338","Frederiksberg Runddel (Frederiksberg Allé)",62.42,62.42,0.00,123,"1 baseline trips used this stop"
"000000002336","Søndre Fasanvej (Roskildevej)",62.42,62.42,0.00,123,"1 baseline trips used this stop"
"000000001248","Lyngbyvej (Sejrøgade)",62.42,62.42,0.00,123,"1 baseline trips used this stop"
"000000002337","Zoologisk Have (Roskildevej)",62.42,62.42,0.00,123,"1 baseline trips used this stop"
"000008603331","Rådhuspladsen St. (Metro)",62.42,62.42,0.00,123,"1 baseline trips used this stop"
"000008603336","Poul Henningsens Plads St. (Metro)",62.42,62.42,0.00,123,"1 baseline trips used this stop"
"000008603338","Skjolds Plads St. (Metro)",62.42,62.42,0.00,123,"1 baseline trips used this stop"
"000000001461","Strandvænget (Strandvejen)",62.42,62.42,0.00,123,"1 baseline trips used this stop"
"000000001462","Strandøre (Strandvejen)",62.42,62.42,0.00,123,"1 baseline trips used this stop"
"000000002784","Arsenaløen",62.42,62.42,0.00,123,"1 baseline trips used this stop"
"000000054629","Amager Bakke (Vindmøllevej)",62.42,62.42,0.00,123,"1 baseline trips used this stop"
"000000001459","Nygårdsvej (Østerbrogade)",62.42,62.42,0.00,123,"1 baseline trips used this stop"
"000000000125","Nørre Gymnasium (Mørkhøjvej)",62.42,62.42,0.00,123,"1 baseline trips used this stop"
"000000001219","Irlandsvej (Vejlands Allé)",62.42,62.42,0.00,123,"3 baseline trips used this stop"
"000000053772","Nøragersmindevej (Kongelundsvej)",62.42,62.42,0.00,123,"1 baseline trips used this stop"
"000008603341","Nuuks Plads St. (Metro)",62.42,62.42,0.00,123,"1 baseline trips used this stop"
"000008603349","Sluseholmen St. (Metro)",62.42,62.42,0.00,123,"2 baseline trips used this stop"
"000000001231","Valby Langgade (Søndre Fasanvej)",62.42,62.42,0.00,123,"1 baseline trips used this stop"
"000000001223","Mozarts Plads St. (Borgm. Christiansens Gade)",62.42,62.42,0.00,123,"1 baseline trips used this stop"
"000000001463","Gl. Vartov Vej (Strandvejen)",62.42,62.42,0.00,123,"1 baseline trips used this stop"
"000000001227","Trekronergade (Carl Jacobsens Vej)",62.42,62.42,0.00,123,"2 baseline trips used this stop"
"000000055969","Containervej (Sundkrogsgade)",62.42,62.42,0.00,123,"1 baseline trips used this stop"
"000000054630","Amager Bakke (Vindmøllevej)",62.42,62.42,0.00,123,"1 baseline trips used this stop"
"000000003064","Islev St. (Slotsherrensvej)",62.42,62.42,0.00,123,"1 baseline trips used this stop"
"000000028363","Kastrup St. (Ved Stationen)",62.42,62.42,0.00,123,"4 baseline trips used this stop"
"000000028366","Sirgræsvej (Alleen)",62.42,62.42,0.00,123,"1 baseline trips used this stop"
"000000010821","Marielystvej (Rådmand Steins Allé)",62.42,62.42,0.00,123,"1 baseline trips used this stop"
"000000003071","Æblevej (Hillerødgade)",62.42,62.42,0.00,123,"1 baseline trips used this stop"
"000000025082","Amagerbro St. (Amagerbrogade)",62.42,62.42,0.00,123,"1 baseline trips used this stop"
"000000005499","Søvang Allé (Saltværksvej)",62.42,62.42,0.00,123,"2 baseline trips used this stop"
"000000028597","Vanløse St. (Jernbane Allé)",62.42,62.42,0.00,123,"1 baseline trips used this stop"
"000000003077","Skyttegade (Rantzausgade)",62.42,62.42,0.00,123,"2 baseline trips used this stop"
"000000003076","Nuuks Plads St. (Rantzausgade)",62.42,62.42,0.00,123,"1 baseline trips used this stop"
"000000005460","Blommehaven (Gammel Køge Landevej)",62.42,62.42,0.00,123,"3 baseline trips used this stop"
"000000049877","Brønshøjvej (Bellahøjvej)",62.42,62.42,0.00,123,"2 baseline trips used this stop"
"000000005459","Blommehaven (Gammel Køge Landevej)",62.42,62.42,0.00,123,"1 baseline trips used this stop"
"000000003038","Husumvej (Slotsherrensvej)",62.42,62.42,0.00,123,"1 baseline trips used this stop"
"000000048316","Irlandsvej (Sundbyvestervej)",62.42,62.42,0.00,123,"3 baseline trips used this stop"
"000000005472","A. P. Møllers Allé  Kystvejen (A. P. Møllers Allé)",62.42,62.42,0.00,123,"6 baseline trips used this stop"
"000000028573","Thomas Laubs Gade (Bellmansgade)",62.42,62.42,0.00,123,"1 baseline trips used this stop"
"000000028329","Nørreport St. (Nørre Voldgade)",62.42,62.42,0.00,123,"3 baseline trips used this stop"
"000000001080","Århusgade (Strandboulevarden)",62.42,62.42,0.00,123,"1 baseline trips used this stop"
"000000001083","Serridslevvej (Jagtvej)",62.42,62.42,0.00,123,"2 baseline trips used this stop"
"000000007861","Indiakaj",62.42,62.42,0.00,123,"1 baseline trips used this stop"
"000000001087","Tagensvej (Jagtvej)",62.42,62.42,0.00,123,"1 baseline trips used this stop"
"000000001088","Stevnsgade (Jagtvej)",62.42,62.42,0.00,123,"1 baseline trips used this stop"
"000000003016","Lergravsparken St. (Øresundsvej)",62.42,62.42,0.00,123,"1 baseline trips used this stop"
"000000003015","Sundparken (Øresundsvej)",62.42,62.42,0.00,123,"2 baseline trips used this stop"
"000000048332","Dalgas Have  Lindevang St. (Bernhard Bangs Allé)",62.42,62.42,0.00,123,"1 baseline trips used this stop"
"000000003014","Strandlodsvej (Øresundsvej)",62.42,62.42,0.00,123,"3 baseline trips used this stop"
"000000006524","Ryparken St. (Lyngbyvej)",62.42,62.42,0.00,123,"1 baseline trips used this stop"
"000000003019","Amagerbrogade (Englandsvej)",62.42,62.42,0.00,123,"5 baseline trips used this stop"
"000000003018","Kirkegårdsvej (Øresundsvej)",62.42,62.42,0.00,123,"3 baseline trips used this stop"
"000000001094","Frederiksberg St. (Falkoner Allé)",62.42,62.42,0.00,123,"2 baseline trips used this stop"
"000000003035","Åbakkevej (Sallingvej)",62.42,62.42,0.00,123,"1 baseline trips used this stop"
"000000001065","Hyben Allé (Kastrupvej)",62.42,62.42,0.00,123,"2 baseline trips used this stop"
"000000002148","Husum Torv (Frederikssundsvej)",62.42,62.42,0.00,123,"1 baseline trips used this stop"
"000000053708","Terosevej (Sirgræsvej)",62.42,62.42,0.00,123,"2 baseline trips used this stop"
"000000007853","Kattegatvej (Baltikavej)",62.42,62.42,0.00,123,"2 baseline trips used this stop"
"000000053709","Terosevej (Sirgræsvej)",62.42,62.42,0.00,123,"2 baseline trips used this stop"
"000000001077","Borneovej (Backersvej)",62.42,62.42,0.00,123,"2 baseline trips used this stop"
"000000003011","Sønderport (Amager Boulevard)",62.42,62.42,0.00,123,"3 baseline trips used this stop"
"000000003010","Amagerfælledvej (Amager Boulevard)",62.42,62.42,0.00,123,"2 baseline trips used this stop"
"000000029615","Nøragersmindevej (Kongelundsvej)",62.42,62.42,0.00,123,"1 baseline trips used this stop"
"000000029616","Nøragersmindevej (Kongelundsvej)",62.42,62.42,0.00,123,"1 baseline trips used this stop"
"000000007025","Kronprinsessegade (Sølvgade)",62.42,62.42,0.00,123,"2 baseline trips used this stop"
"000000005088","Vigerslevvej (Gammel Køge Landevej)",62.42,62.42,0.00,123,"1 baseline trips used this stop"
"000000007023","Store Kongensgade (Dronningens Tværgade)",62.42,62.42,0.00,123,"1 baseline trips used this stop"
"000000000868","Kanadavej (Kongelundsvej)",62.42,62.42,0.00,123,"1 baseline trips used this stop"
"000000007030","Nørre Campus (Tagensvej)",62.42,62.42,0.00,123,"1 baseline trips used this stop"
"000000005095","Folehaven (Gammel Køge Landevej)",62.42,62.42,0.00,123,"1 baseline trips used this stop"
"000000005097","Vigerslevvej (Gammel Køge Landevej)",62.42,62.42,0.00,123,"1 baseline trips used this stop"
"000000005096","Gl. Køge Landev. Kollegiet (Gammel Køge Landevej)",62.42,62.42,0.00,123,"1 baseline trips used this stop"
"000000000872","Pilegård Allé (Kongelundsvej)",62.42,62.42,0.00,123,"1 baseline trips used this stop"
"000000000871","Otto Baches Allé (Kongelundsvej)",62.42,62.42,0.00,123,"1 baseline trips used this stop"
"000000000874","Kollundvej (Kongelundsvej)",62.42,62.42,0.00,123,"5 baseline trips used this stop"
"000000000873","Ryumgårdsvej (Kongelundsvej)",62.42,62.42,0.00,123,"2 baseline trips used this stop"
"000000000876","Ugandavej (Kongelundsvej)",62.42,62.42,0.00,123,"3 baseline trips used this stop"
"000000000875","Oliefabriksvej (Kongelundsvej)",62.42,62.42,0.00,123,"4 baseline trips used this stop"
"000000000878","Alkmaar Allé (Kongelundsvej)",62.42,62.42,0.00,123,"2 baseline trips used this stop"
"000000055585","Langhusvej (Midtfløjene)",62.42,62.42,0.00,123,"1 baseline trips used this stop"
"000000055586","Østfløjen (Ruten)",62.42,62.42,0.00,123,"1 baseline trips used this stop"
"000000001969","Nørrebrohallen (Nørrebrogade)",62.42,62.42,0.00,123,"2 baseline trips used this stop"
"000000000877","Tunisvej (Kongelundsvej)",62.42,62.42,0.00,123,"3 baseline trips used this stop"
"000000001966","Kobbelvænget (Frederikssundsvej)",62.42,62.42,0.00,123,"2 baseline trips used this stop"
"000000000879","Haarlem Allé (Kongelundsvej)",62.42,62.42,0.00,123,"2 baseline trips used this stop"
"000000010432","Københavns Lufthavn (Ellehammersvej)",62.42,62.42,0.00,123,"1 baseline trips used this stop"
"000000030025","Operaen",62.42,62.42,0.00,123,"1 baseline trips used this stop"
"000000055587","Ruten (Terrasserne)",62.42,62.42,0.00,123,"2 baseline trips used this stop"
"000000007004","Vigerslevvej (Vigerslev Allé)",62.42,62.42,0.00,123,"4 baseline trips used this stop"
"000000000841","Tårnby Kirke (Englandsvej)",62.42,62.42,0.00,123,"1 baseline trips used this stop"
"000000000845","Hjallerup Allé (Englandsvej)",62.42,62.42,0.00,123,"2 baseline trips used this stop"
"000000030013","Kløvermarksvej (Raffinaderivej)",62.42,62.42,0.00,123,"1 baseline trips used this stop"
"000000054280","Valby St.  Lyshøjgårdsvej (Lyshøjgårdsvej)",62.42,62.42,0.00,123,"1 baseline trips used this stop"
"000000054281","Kastrup St. (Ved Stationen)",62.42,62.42,0.00,123,"2 baseline trips used this stop"
"000000007010","Peder Hjorts Vej (Vigerslev Allé)",62.42,62.42,0.00,123,"2 baseline trips used this stop"
"000000047750","Thad Jones Vej (Sluseholmen)",62.42,62.42,0.00,123,"1 baseline trips used this stop"
"000000007007","Vigerslev Allé St. (Vigerslev Allé)",62.42,62.42,0.00,123,"1 baseline trips used this stop"
"000000007008","Fengersvej (Vigerslev Allé)",62.42,62.42,0.00,123,"1 baseline trips used this stop"
"000000000851","Tårnby Kirke (Englandsvej)",62.42,62.42,0.00,123,"7 baseline trips used this stop"
"000000001948","Formosavej (Backersvej)",62.42,62.42,0.00,123,"2 baseline trips used this stop"
"000000001949","Samosvej (Backersvej)",62.42,62.42,0.00,123,"2 baseline trips used this stop"
"000000007224","Gribskovvej  Bispebjerg Hospital (Lersø Parkallé)",62.42,62.42,0.00,123,"1 baseline trips used this stop"
"000000007225","Strødamvej (Lersø Parkallé)",62.42,62.42,0.00,123,"2 baseline trips used this stop"
"000000007222","Banebrinken (Emdrupvej)",62.42,62.42,0.00,123,"1 baseline trips used this stop"
"000000000821","Dragør Skole (Vestgrønningen)",62.42,62.42,0.00,123,"1 baseline trips used this stop"
"000000000822","Dragør Skole (Vestgrønningen)",62.42,62.42,0.00,123,"1 baseline trips used this stop"
"000000000827","Hollændervænget (Krudttårnsvej)",62.42,62.42,0.00,123,"1 baseline trips used this stop"
"000000054047","Vigerslev Kirke (Lykkebovej)",62.42,62.42,0.00,123,"1 baseline trips used this stop"
"000000030467","Ørestad St.  Kay Fiskers Plads (Ørestad St.)",62.42,62.42,0.00,123,"2 baseline trips used this stop"
"000000000831","Gåsevænget (Møllevej)",62.42,62.42,0.00,123,"1 baseline trips used this stop"
"000000006591","Kalkbrænderihavnsgade (Sundkrogsgade)",62.42,62.42,0.00,123,"1 baseline trips used this stop"
"000000003082","Amagerbrogade (Øresundsvej)",62.42,62.42,0.00,123,"2 baseline trips used this stop"
"000000003086","Sundparken (Øresundsvej)",62.42,62.42,0.00,123,"3 baseline trips used this stop"
"000000003083","Kirkegårdsvej (Øresundsvej)",62.42,62.42,0.00,123,"2 baseline trips used this stop"
"000000003087","Strandlodsvej (Øresundsvej)",62.42,62.42,0.00,123,"2 baseline trips used this stop"
"000000000802","Brydes Allé (Sundholmsvej)",62.42,62.42,0.00,123,"2 baseline trips used this stop"
"000000003095","Damhusengen (Jyllingevej)",62.42,62.42,0.00,123,"2 baseline trips used this stop"
"000000000810","Søndergade (Møllegade)",62.42,62.42,0.00,123,"1 baseline trips used this stop"
"000000000812","Gåsevænget (Møllevej)",62.42,62.42,0.00,123,"2 baseline trips used this stop"
"000000001902","Brønshøj Torv (Brønshøjvej)",62.42,62.42,0.00,123,"1 baseline trips used this stop"
"000000000815","Søndre Røsevej (Krudttårnsvej)",62.42,62.42,0.00,123,"2 baseline trips used this stop"
"000000001551","Kastanievej (H.C. Ørsteds Vej)",62.42,62.42,0.00,123,"1 baseline trips used this stop"
"000000000225","Bellahøj (Borups Allé)",62.42,62.42,0.00,123,"1 baseline trips used this stop"
"000000054649","Emdrup Torv",62.42,62.42,0.00,123,"1 baseline trips used this stop"
"000000007082","Händelsvej (Stubmøllevej)",62.42,62.42,0.00,123,"1 baseline trips used this stop"
"000000055514","Vestamager Svømmehal (Ugandavej)",62.42,62.42,0.00,123,"1 baseline trips used this stop"
"000000001535","Gåsebæksvej (Valby Langgade)",62.42,62.42,0.00,123,"1 baseline trips used this stop"
"000000001542","Rubinsteinsvej (Mozartsvej)",62.42,62.42,0.00,123,"1 baseline trips used this stop"
"000000000695","Valløvej (Brønshøjvej)",62.42,62.42,0.00,123,"1 baseline trips used this stop"
"000000001541","Kgs. Enghave  Valbyparken (Hammelstrupvej)",62.42,62.42,0.00,123,"3 baseline trips used this stop"
"000000001547","Tove Ditlevsens Plads (Enghavevej)",62.42,62.42,0.00,123,"1 baseline trips used this stop"
"000000001544","Anker Jørgensens Plads (Borgbjergsvej)",62.42,62.42,0.00,123,"2 baseline trips used this stop"
"000000052011","Hornemanns Vænge (Kulbanevej)",62.42,62.42,0.00,123,"1 baseline trips used this stop"
"000000010498","Cirklen (Kystvejen)",62.42,62.42,0.00,123,"1 baseline trips used this stop"
"000000010256","Køjevænget (Hartkornsvej)",62.42,62.42,0.00,123,"2 baseline trips used this stop"
"000000052010","Hornemanns Vænge (Kulbanevej)",62.42,62.42,0.00,123,"1 baseline trips used this stop"
"000000010497","Cirklen (Kystvejen)",62.42,62.42,0.00,123,"3 baseline trips used this stop"
"000000052012","Centerparken (Kulbanevej)",62.42,62.42,0.00,123,"1 baseline trips used this stop"
"000000052271","Bystævneparken nord (Bystævneparken)",62.42,62.42,0.00,123,"2 baseline trips used this stop"
"000000052270","Bystævneparken øst (Bystævneparken)",62.42,62.42,0.00,123,"3 baseline trips used this stop"
"000000044887","Viberup  Nøragersmindevej (Tømmerupvej)",62.42,62.42,0.00,123,"2 baseline trips used this stop"
"000000007065","Gladbovej (Vigerslev Allé)",62.42,62.42,0.00,123,"2 baseline trips used this stop"
"000000001997","Rygårds Allé (Ryparken)",62.42,62.42,0.00,123,"1 baseline trips used this stop"
"000000001518","Strandøre (Strandvejen)",62.42,62.42,0.00,123,"1 baseline trips used this stop"
"000000010461","Magleby Torv (Hartkornsvej)",62.42,62.42,0.00,123,"1 baseline trips used this stop"
"000000001520","Svanemøllen St. (Østerbrogade)",62.42,62.42,0.00,123,"4 baseline trips used this stop"
"000000054219","Ørestad St.  Kay Fiskers Plads (Kay Fiskers Plads)",62.42,62.42,0.00,123,"2 baseline trips used this stop"
"000000002858","Ved Amagerbanen (Raffinaderivej)",62.42,62.42,0.00,123,"2 baseline trips used this stop"
"000000000881","Haarlem Allé (Kongelundsvej)",62.42,62.42,0.00,123,"1 baseline trips used this stop"
"000000000880","Nøragersmindevej (Kongelundsvej)",62.42,62.42,0.00,123,"2 baseline trips used this stop"
"000000000882","Alkmaar Allé (Kongelundsvej)",62.42,62.42,0.00,123,"2 baseline trips used this stop"
"000000000885","Oliefabriksvej (Kongelundsvej)",62.42,62.42,0.00,123,"1 baseline trips used this stop"
"000000000887","Ryumgårdsvej (Kongelundsvej)",62.42,62.42,0.00,123,"2 baseline trips used this stop"
"000000000886","Kollundvej (Kongelundsvej)",62.42,62.42,0.00,123,"1 baseline trips used this stop"
"000000052041","Frederikssundsvej (Frederiksborgvej)",62.42,62.42,0.00,123,"1 baseline trips used this stop"
"000000000888","Pilegård Allé (Kongelundsvej)",62.42,62.42,0.00,123,"1 baseline trips used this stop"
"000000010460","Magleby Torv (Hartkornsvej)",62.42,62.42,0.00,123,"1 baseline trips used this stop"
"000000007050","Borgergade (Sølvgade)",62.42,62.42,0.00,123,"1 baseline trips used this stop"
"000000000892","Kanadavej (Kongelundsvej)",62.42,62.42,0.00,123,"1 baseline trips used this stop"
"000000000891","Slusevej (Kongelundsvej)",62.42,62.42,0.00,123,"2 baseline trips used this stop"
"000000000894","Gårdfæstevej (Kongelundsvej)",62.42,62.42,0.00,123,"1 baseline trips used this stop"
"000000002832","Keldsøvej (Emdrupvej)",62.42,62.42,0.00,123,"1 baseline trips used this stop"
"000000001988","Borups Allé (Nordre Fasanvej)",62.42,62.42,0.00,123,"1 baseline trips used this stop"
"000000002839","Teglholm Allé (Teglholmsgade)",62.42,62.42,0.00,123,"1 baseline trips used this stop"
"000000005760","HF ved Pilegården (Oliefabriksvej)",62.42,62.42,0.00,123,"2 baseline trips used this stop"
"000000005761","Fjelstrupvej (Oliefabriksvej)",62.42,62.42,0.00,123,"2 baseline trips used this stop"
"000000005762","Holdkærs Ager (Oliefabriksvej)",62.42,62.42,0.00,123,"1 baseline trips used this stop"
"000000002004","Tingbjerg Skole (Ruten)",62.42,62.42,0.00,123,"2 baseline trips used this stop"
"000000005759","Løjtegårdsvej (Oliefabriksvej)",62.42,62.42,0.00,123,"4 baseline trips used this stop"
"000000002002","Arkaderne (Langhusvej)",62.42,62.42,0.00,123,"1 baseline trips used this stop"
"000000050566","Wibrandtsvej (Kastrupvej)",62.42,62.42,0.00,123,"3 baseline trips used this stop"
"000000002003","Tingbjerg Kirke (Ruten)",62.42,62.42,0.00,123,"2 baseline trips used this stop"
"000000027548","DR Byen St. (Grønjordsvej)",62.42,62.42,0.00,123,"2 baseline trips used this stop"
"000000002006","Energicenter Voldparken (Åkandevej)",62.42,62.42,0.00,123,"1 baseline trips used this stop"
"000000002007","Husumvold Kirke (Åkandevej)",62.42,62.42,0.00,123,"1 baseline trips used this stop"
"000000030944","Foldbyvej (Otto Baches Allé)",62.42,62.42,0.00,123,"1 baseline trips used this stop"
"000000030940","Ørestad St. (Ørestads Boulevard)",62.42,62.42,0.00,123,"1 baseline trips used this stop"
"000000030941","Vestamager St. (Ørestads Boulevard)",62.42,62.42,0.00,123,"2 baseline trips used this stop"
"000000051662","Amagerhallen (Løjtegårdsvej)",62.42,62.42,0.00,123,"4 baseline trips used this stop"
"000000028620","Dragør Kirke (Kirkevej)",62.42,62.42,0.00,123,"1 baseline trips used this stop"
"000000029949","Langelinie Mole Midt (Langelinie)",62.42,62.42,0.00,123,"1 baseline trips used this stop"
"000000002001","Fuglegavl (Gavlhusvej)",62.42,62.42,0.00,123,"2 baseline trips used this stop"
"000000001147","Bülowsvej (Thorvaldsensvej)",62.42,62.42,0.00,123,"1 baseline trips used this stop"
"000000002692","Mozarts Plads St. (Borgbjergsvej)",62.42,62.42,0.00,123,"1 baseline trips used this stop"
"000000048297","Ved Bellahøj Nord (Bellahøjvej)",62.42,62.42,0.00,123,"1 baseline trips used this stop"
"000000001132","Strandboulevarden (Nordre Frihavnsgade)",62.42,62.42,0.00,123,"1 baseline trips used this stop"
"000000052318","Veksøvej (Frederikssundsvej)",62.42,62.42,0.00,123,"1 baseline trips used this stop"
"000000042520","Københavns Lufthavn (Ellehammersvej)",62.42,62.42,0.00,123,"1 baseline trips used this stop"
"000000001336","Carl Jacobsens Vej (Gammel Køge Landevej)",62.42,62.42,0.00,123,"1 baseline trips used this stop"
"000000052565","Svanemøllen St. (Sibeliusgade)",62.42,62.42,0.00,123,"2 baseline trips used this stop"
"000008650654","Svanemøllen St. (togbus)",62.42,62.42,0.00,123,"3 baseline trips used this stop"
"000008650653","Nordhavn St. (togbus)",62.42,62.42,0.00,123,"2 baseline trips used this stop"
"000000002681","Kobbelvænget (Gadelandet)",62.42,62.42,0.00,123,"2 baseline trips used this stop"
"000000002679","Bystævnet (Gadelandet)",62.42,62.42,0.00,123,"1 baseline trips used this stop"
"000000010057","Hovedbanegården (Istedgade)",62.42,62.42,0.00,123,"2 baseline trips used this stop"
"000000048645","Refshaleøen (Refshalevej)",62.42,62.42,0.00,123,"1 baseline trips used this stop"
"000000029328","Ørestad St. (Ørestads Boulevard)",62.42,62.42,0.00,123,"2 baseline trips used this stop"
"000000056026","Dragør Golfklub (Kalvebodvej)",62.42,62.42,0.00,123,"1 baseline trips used this stop"
"000000030303","Prags Boulevard (Vermlandsgade)",62.42,62.42,0.00,123,"2 baseline trips used this stop"
"000000000913","Ingolfs Allé (Irlandsvej)",62.42,62.42,0.00,123,"2 baseline trips used this stop"
"000000000912","Sundbyvester Park (Irlandsvej)",62.42,62.42,0.00,123,"1 baseline trips used this stop"
"000000002073","Husum Torv (Storegårdsvej)",62.42,62.42,0.00,123,"1 baseline trips used this stop"
"000000004493","Domus Vista (Roskildevej)",62.42,62.42,0.00,123,"1 baseline trips used this stop"
"000000002072","Bystævnet (Storegårdsvej)",62.42,62.42,0.00,123,"2 baseline trips used this stop"
"000000003166","Kraftværksvej (Forlandet)",62.42,62.42,0.00,123,"1 baseline trips used this stop"
"000000004496","Skellet (Roskildevej)",62.42,62.42,0.00,123,"2 baseline trips used this stop"
"000000003170","Kraftværksvej (Forlandet)",62.42,62.42,0.00,123,"1 baseline trips used this stop"
"000000002086","Peter Bangs Vej (Ålholmvej)",62.42,62.42,0.00,123,"1 baseline trips used this stop"
"000000005596","Kastruplundgade (Saltværksvej)",62.42,62.42,0.00,123,"4 baseline trips used this stop"
"000000028436","Rødkilde Skole (Bellahøjvej)",62.42,62.42,0.00,123,"2 baseline trips used this stop"
"000000029526","Holmens Kirke (Holmens Kanal)",62.42,62.42,0.00,123,"1 baseline trips used this stop"
"000000002289","Frederikssundsvej (Mørkhøjvej)",62.42,62.42,0.00,123,"3 baseline trips used this stop"
"000000003149","Lille Triangel (Classensgade)",62.42,62.42,0.00,123,"1 baseline trips used this stop"
"000000051868","Amager Hospital (Italiensvej)",62.42,62.42,0.00,123,"2 baseline trips used this stop"
"000000051869","Amager Hospital (Italiensvej)",62.42,62.42,0.00,123,"1 baseline trips used this stop"
"000000003122","Jyllingevej St.",62.42,62.42,0.00,123,"1 baseline trips used this stop"
"000000003121","Krogebjerg (Jyllingevej)",62.42,62.42,0.00,123,"2 baseline trips used this stop"
"000000000097","Nørre Gymnasium (Mørkhøjvej)",62.42,62.42,0.00,123,"1 baseline trips used this stop"
"000000003120","Damhusengen (Jyllingevej)",62.42,62.42,0.00,123,"1 baseline trips used this stop"
"000000001179","C.F. Richs Vej (Apollovej)",62.42,62.42,0.00,123,"1 baseline trips used this stop"
"000000028413","Kastruplundgade (Alleen)",62.42,62.42,0.00,123,"2 baseline trips used this stop"
"000000002028","Tingbjerg Skole (Ruten)",62.42,62.42,0.00,123,"1 baseline trips used this stop"
"000000002029","Tingbjerg Kirke (Ruten)",62.42,62.42,0.00,123,"1 baseline trips used this stop"
"000000051870","Grækenlandsvej (Elbagade)",62.42,62.42,0.00,123,"2 baseline trips used this stop"
"000000051871","Grækenlandsvej (Elbagade)",62.42,62.42,0.00,123,"2 baseline trips used this stop"
"000000002042","Skt. Annæ Gade (Prinsessegade)",62.42,62.42,0.00,123,"1 baseline trips used this stop"
"000000028412","Kastruplundgade (Alleen)",62.42,62.42,0.00,123,"4 baseline trips used this stop"
"000000028411","Sirgræsvej (Alleen)",62.42,62.42,0.00,123,"2 baseline trips used this stop"
"000000002043","Bodenhoffs Plads (Prinsessegade)",62.42,62.42,0.00,123,"1 baseline trips used this stop"
"000000054911","Orientkaj St. (Stubbeløbgade)",62.42,62.42,0.00,123,"1 baseline trips used this stop"
"000000051886","Melstedvej (Tårnbyvej)",62.42,62.42,0.00,123,"3 baseline trips used this stop"
"000000007965","Ålholm Plads (Roskildevej)",62.42,62.42,0.00,123,"1 baseline trips used this stop"
"000000007141","Langdraget (Grøndals Parkvej)",62.42,62.42,0.00,123,"2 baseline trips used this stop"
"000000046743","Ørestad St. (Ørestads Boulevard)",62.42,62.42,0.00,123,"2 baseline trips used this stop"
"000000007146","Landlystvej (Vigerslevvej)",62.42,62.42,0.00,123,"1 baseline trips used this stop"
"000000007147","Lykkebovej (Vigerslevvej)",62.42,62.42,0.00,123,"2 baseline trips used this stop"
"000000000984","Birkelund (Fælledvej)",62.42,62.42,0.00,123,"1 baseline trips used this stop"
"000000000985","Søvang  Rønnevej (Fælledvej)",62.42,62.42,0.00,123,"1 baseline trips used this stop"
"000000000991","Ullerupstræde (Tømmerupvej)",62.42,62.42,0.00,123,"1 baseline trips used this stop"
"000000000751","Randkløve Allé (Amager Landevej)",62.42,62.42,0.00,123,"1 baseline trips used this stop"
"000000000753","Gammel Kirkevej (Amager Landevej)",62.42,62.42,0.00,123,"1 baseline trips used this stop"
"000000001601","Skøjtevej (Amager Strandvej)",62.42,62.42,0.00,123,"2 baseline trips used this stop"
"000000000752","Korsvejens Skole (Amager Landevej)",62.42,62.42,0.00,123,"1 baseline trips used this stop"
"000000010559","Færgehavn Nord (Kattegatvej)",62.42,62.42,0.00,123,"2 baseline trips used this stop"
"000000001602","Den Blå Planet (Amager Strandvej)",62.42,62.42,0.00,123,"6 baseline trips used this stop"
"000000000755","Maglebo (Amager Landevej)",62.42,62.42,0.00,123,"2 baseline trips used this stop"
"000000000754","Skyttehøj (Amager Landevej)",62.42,62.42,0.00,123,"1 baseline trips used this stop"
"000000000757","Højskole Allé (Amager Landevej)",62.42,62.42,0.00,123,"4 baseline trips used this stop"
"000000000999","Plejehjemmet Løjtegårdsvej (Løjtegårdsvej)",62.42,62.42,0.00,123,"3 baseline trips used this stop"
"000000000998","Englandsvej (Løjtegårdsvej)",62.42,62.42,0.00,123,"2 baseline trips used this stop"
"000000000756","Løjtegårdsvej (Amager Landevej)",62.42,62.42,0.00,123,"4 baseline trips used this stop"
"000000000759","Østbirk Allé (Tømmerupvej)",62.42,62.42,0.00,123,"4 baseline trips used this stop"
"000000000758","Tømmerup Stationsvej (Amager Landevej)",62.42,62.42,0.00,123,"2 baseline trips used this stop"
"000000001609","Sundby Kirkegård (Kastrupvej)",62.42,62.42,0.00,123,"1 baseline trips used this stop"
"000000001608","Amager Hospital (Kastrupvej)",62.42,62.42,0.00,123,"1 baseline trips used this stop"
"000000045432","Brydes Allé (Peder Lykkes Vej)",62.42,62.42,0.00,123,"1 baseline trips used this stop"
"000000007123","Lundevangen (Tuborgvej)",62.42,62.42,0.00,123,"2 baseline trips used this stop"
"000000000962","Fægårdsvej (Tømmerupvej)",62.42,62.42,0.00,123,"2 baseline trips used this stop"
"000000000966","Møllevangstien (Kalvebodvej)",62.42,62.42,0.00,123,"1 baseline trips used this stop"
"000000000965","Rågård  Ullerup (Tømmerupvej)",62.42,62.42,0.00,123,"1 baseline trips used this stop"
"000000009794","Amager Strandvej (Skøjtevej)",62.42,62.42,0.00,123,"3 baseline trips used this stop"
"000000009795","Kastruplundgade (Saltværksvej)",62.42,62.42,0.00,123,"3 baseline trips used this stop"
"000000000974","Rosenlundsvej (Kalvebodvej)",62.42,62.42,0.00,123,"1 baseline trips used this stop"
"000000000979","TAMU-Center (Kalvebodvej)",62.42,62.42,0.00,123,"1 baseline trips used this stop"
"000000007581","Baltikavej (Færgehavnsvej)",62.42,62.42,0.00,123,"3 baseline trips used this stop"
"000000007582","Baltikavej (Sundkrogsgade)",62.42,62.42,0.00,123,"2 baseline trips used this stop"
"000000007100","Valbyhallen (Ellebjergvej)",62.42,62.42,0.00,123,"1 baseline trips used this stop"
"000000007101","Spontinisvej (Stubmøllevej)",62.42,62.42,0.00,123,"1 baseline trips used this stop"
"000000006023","Rigshospitalet Syd (Tagensvej)",62.42,62.42,0.00,123,"1 baseline trips used this stop"
"000000000953","Løjtegårdsskolen (Løjtegårdsvej)",62.42,62.42,0.00,123,"1 baseline trips used this stop"
"000000000952","Amager Landevej (Løjtegårdsvej)",62.42,62.42,0.00,123,"2 baseline trips used this stop"
"000000000955","Plejehjemmet Løjtegårdsvej (Løjtegårdsvej)",62.42,62.42,0.00,123,"1 baseline trips used this stop"
"000000000954","Amagerhallen (Løjtegårdsvej)",62.42,62.42,0.00,123,"1 baseline trips used this stop"
"000000029591","Oberst Kochs Allé (Skøjtevej)",62.42,62.42,0.00,123,"2 baseline trips used this stop"
"000000048984","Oceankaj",62.42,62.42,0.00,123,"1 baseline trips used this stop"
"000000006473","Emdrupvej (Lyngbyvej)",62.42,62.42,0.00,123,"1 baseline trips used this stop"
"000000048985","Oceankaj",62.42,62.42,0.00,123,"2 baseline trips used this stop"
"000000010722","Lufthavnen Øst  Kystvejen (Kystvejen)",62.42,62.42,0.00,123,"1 baseline trips used this stop"
"000000010739","DSB Hallen (Kystvejen)",62.42,62.42,0.00,123,"4 baseline trips used this stop"
"000000010738","DSB Hallen (Kystvejen)",62.42,62.42,0.00,123,"3 baseline trips used this stop"
"000000000930","Ved Diget (Kastruplundgade)",62.42,62.42,0.00,123,"2 baseline trips used this stop"
"000000000933","Skottegårdsskolen (Saltværksvej)",62.42,62.42,0.00,123,"2 baseline trips used this stop"
"000000000932","Bredager Torv (Kastruplundgade)",62.42,62.42,0.00,123,"1 baseline trips used this stop"
"000000000937","Ingolfs Allé (Irlandsvej)",62.42,62.42,0.00,123,"1 baseline trips used this stop"
"000000001440","Skellet (Valby Langgade)",62.42,62.42,0.00,123,"1 baseline trips used this stop"
"000000001436","Ryparken (Rymarksvej)",62.42,62.42,0.00,123,"1 baseline trips used this stop"
"000000003857","Sundbyvester Plads",62.42,62.42,0.00,123,"1 baseline trips used this stop"
"000000054522","Orientkaj St. (Sundkrogsgade)",62.42,62.42,0.00,123,"1 baseline trips used this stop"
"000000044974","Vestamager Centret (Ugandavej)",62.42,62.42,0.00,123,"3 baseline trips used this stop"
"000000044973","Tornholms Ager (Ugandavej)",62.42,62.42,0.00,123,"1 baseline trips used this stop"
"000000000110","Vejlands Allé (Englandsvej)",62.42,62.42,0.00,123,"1 baseline trips used this stop"
"000000001205","Bremensgade (Holmbladsgade)",62.42,62.42,0.00,123,"1 baseline trips used this stop"
"000000052352","Postnord (Kystvejen)",62.42,62.42,0.00,123,"5 baseline trips used this stop"
"000000002742","Frederikssundsvej (Mørkhøjvej)",62.42,62.42,0.00,123,"1 baseline trips used this stop"
"000000001657","Øster Farimagsgade Skole (Øster Farimagsgade)",62.42,62.42,0.00,123,"1 baseline trips used this stop"
"000000001662","Webersgade (Øster Farimagsgade)",62.42,62.42,0.00,123,"1 baseline trips used this stop"
"000000000335","Gladsaxevej (Frederiksborgvej)",62.42,62.42,0.00,123,"7 baseline trips used this stop"
"000000000336","Emdrup Torv (Frederiksborgvej)",62.42,62.42,0.00,123,"2 baseline trips used this stop"
"000000050195","KB Hallen (Peter Bangs Vej)",62.42,62.42,0.00,123,"2 baseline trips used this stop"
"000000053220","Engvej (Italiensvej)",62.42,62.42,0.00,123,"3 baseline trips used this stop"
"000000053222","Femøren St. (Engvej)",62.42,62.42,0.00,123,"1 baseline trips used this stop"
"000000007182","Kirsebærhaven (Vigerslevvej)",62.42,62.42,0.00,123,"1 baseline trips used this stop"
"000000007183","Åhaven (Vigerslevvej)",62.42,62.42,0.00,123,"1 baseline trips used this stop"
"000000007181","Stakhaven (Vigerslevvej)",62.42,62.42,0.00,123,"1 baseline trips used this stop"
"000000045859","Hjallerup Allé (Ugandavej)",62.42,62.42,0.00,123,"5 baseline trips used this stop"
"000000000790","Skyttehøj (Amager Landevej)",62.42,62.42,0.00,123,"4 baseline trips used this stop"
"000000001631","Den Blå Planet (Amager Strandvej)",62.42,62.42,0.00,123,"2 baseline trips used this stop"
"000000000781","Dragør Rådhus (Kirkevej)",62.42,62.42,0.00,123,"4 baseline trips used this stop"
"000000000784","Høgsbrovej (Tømmerupvej)",62.42,62.42,0.00,123,"3 baseline trips used this stop"
"000000002960","Islevholm (Islevhusvej)",62.42,62.42,0.00,123,"1 baseline trips used this stop"
"000000000783","Tømmerup (Tømmerupvej)",62.42,62.42,0.00,123,"2 baseline trips used this stop"
"000000000302","Mosesvinget (Horsebakken)",62.42,62.42,0.00,123,"1 baseline trips used this stop"
"000000000786","Tømmerup Stationsvej (Amager Landevej)",62.42,62.42,0.00,123,"1 baseline trips used this stop"
"000000000785","Østbirk Allé (Tømmerupvej)",62.42,62.42,0.00,123,"3 baseline trips used this stop"
"000000000788","Løjtegårdsvej (Amager Landevej)",62.42,62.42,0.00,123,"2 baseline trips used this stop"
"000000000787","Højskole Allé (Amager Landevej)",62.42,62.42,0.00,123,"2 baseline trips used this stop"
"000000010105","Frederiksberg Hospital (Vej 8)",62.42,62.42,0.00,123,"3 baseline trips used this stop"
"000000000308","Hyrdevangen (Horsebakken)",62.42,62.42,0.00,123,"1 baseline trips used this stop"
"000000000309","Lærkebakken (Horsebakken)",62.42,62.42,0.00,123,"1 baseline trips used this stop"
"000000007195","Strødamvej (Lersø Parkallé)",62.42,62.42,0.00,123,"1 baseline trips used this stop"
"000000007197","Emdrup St. (Lersø Parkallé)",62.42,62.42,0.00,123,"1 baseline trips used this stop"
"000000045860","Vestamager Centret (Ugandavej)",62.42,62.42,0.00,123,"1 baseline trips used this stop"
"000000007198","Emdrup Søpark (Emdrupvej)",62.42,62.42,0.00,123,"1 baseline trips used this stop"
"000000007199","Banebrinken (Emdrupvej)",62.42,62.42,0.00,123,"2 baseline trips used this stop"
"000000000794","Willumsvej (Amagerbrogade)",62.42,62.42,0.00,123,"1 baseline trips used this stop"
"000000000310","Mosesvinget (Horsebakken)",62.42,62.42,0.00,123,"1 baseline trips used this stop"
"000000000799","Dyvekeskolen (Englandsvej)",62.42,62.42,0.00,123,"2 baseline trips used this stop"
"000000000798","Sundbyvestervej (Englandsvej)",62.42,62.42,0.00,123,"2 baseline trips used this stop"
"000000010115","Kildevældsparken (Vennemindevej)",62.42,62.42,0.00,123,"1 baseline trips used this stop"
"000000000760","Høgsbrovej (Tømmerupvej)",62.42,62.42,0.00,123,"3 baseline trips used this stop"
"000000000764","Slørvej (Kirkevej)",62.42,62.42,0.00,123,"2 baseline trips used this stop"
"000000000763","Dragør Rådhus (Kirkevej)",62.42,62.42,0.00,123,"3 baseline trips used this stop"
"000000000766","Jægervej (Kirkevej)",62.42,62.42,0.00,123,"1 baseline trips used this stop"
"000000000768","Kongevejen (Stationsvej)",62.42,62.42,0.00,123,"1 baseline trips used this stop"
"000000002948","Husum St. (Islevhusvej)",62.42,62.42,0.00,123,"1 baseline trips used this stop"
"000000010561","Nordsøvej (Kattegatvej)",62.42,62.42,0.00,123,"2 baseline trips used this stop"
"000000002949","Islevholm (Islevhusvej)",62.42,62.42,0.00,123,"1 baseline trips used this stop"
"000000010560","Nordsøvej (Kattegatvej)",62.42,62.42,0.00,123,"3 baseline trips used this stop"
"000000001619","Ndr. Frihavnsgade (Strandboulevarden)",62.42,62.42,0.00,123,"1 baseline trips used this stop"
"000000007175","Folehaven (Vigerslevvej)",62.42,62.42,0.00,123,"2 baseline trips used this stop"
"000000007177","Kirsebærhaven (Vigerslevvej)",62.42,62.42,0.00,123,"1 baseline trips used this stop"
"000000007178","Stakhaven (Vigerslevvej)",62.42,62.42,0.00,123,"1 baseline trips used this stop"
"000000000773","F.J. Madsens Vej (Stationsvej)",62.42,62.42,0.00,123,"1 baseline trips used this stop"
"000000000772","Nordre Tangvej (Stationsvej)",62.42,62.42,0.00,123,"1 baseline trips used this stop"
"000000001627","Sundby Kirkegård (Kastrupvej)",62.42,62.42,0.00,123,"2 baseline trips used this stop"
"000000000779","HF Maglebylund (Kirkevej)",62.42,62.42,0.00,123,"2 baseline trips used this stop"
"000000001628","Amager Hospital (Kastrupvej)",62.42,62.42,0.00,123,"3 baseline trips used this stop"
"000000001626","Øresundsvej (Kastrupvej)",62.42,62.42,0.00,123,"2 baseline trips used this stop"
"000000001629","Persiensvej (Kastrupvej)",62.42,62.42,0.00,123,"1 baseline trips used this stop"
"000000001290","Bavnehøj Allé (Enghavevej)",62.42,62.42,0.00,123,"1 baseline trips used this stop"
"000000001464","Tuborg Boulevard (Strandvejen)",62.42,62.42,0.00,123,"1 baseline trips used this stop"
"000000052821","Frederiksberg Allé St. (Platanvej)",62.42,62.42,0.00,123,"1 baseline trips used this stop"
"000000000865","Vejlands Allé (Røde Mellemvej)",62.42,62.42,0.00,123,"2 baseline trips used this stop"
"000000010438","Skøjtevej (Amager Strandvej)",62.42,62.42,0.00,123,"4 baseline trips used this stop"
"000000052467","Mosrosevej (Saltværksvej)",62.42,62.42,0.00,124,"2 baseline trips used this stop"
"000000001529","Frederiksberg Allé (Vesterbrogade)",62.42,62.42,0.00,123,"2 baseline trips used this stop"
"000000001371","Emdrupvej (Ryparken)",62.42,62.42,0.00,123,"1 baseline trips used this stop"
"000000006660","Ryparken St. (Lyngbyvej)",62.42,62.42,0.00,123,"1 baseline trips used this stop"
"000000002753","Smyrnavej (Amagerbrogade)",62.42,62.42,0.00,123,"1 baseline trips used this stop"
"000000000853","Skalbjergvej (Englandsvej)",62.42,62.42,0.00,124,"1 baseline trips used this stop"
"000000003092","Vanløse  Ålekistevej (Jyllingevej)",62.42,62.42,0.00,123,"1 baseline trips used this stop"
"000000007094","Søndervangs Allé (Folehaven)",62.42,62.42,0.00,123,"2 baseline trips used this stop"
"000000007093","Vigerslevvej (Vigerslev Allé)",62.42,62.42,0.00,123,"4 baseline trips used this stop"
"000000000452","Husum Torv (Frederikssundsvej)",62.42,62.42,0.00,123,"1 baseline trips used this stop"
"000000000698","Valløvej (Brønshøjvej)",62.42,62.42,0.00,123,"1 baseline trips used this stop"
"000000051414","Folehaven (Retortvej)",62.42,62.42,0.00,123,"1 baseline trips used this stop"
"000000051415","Nøddehaven (Retortvej)",62.42,62.42,0.00,123,"1 baseline trips used this stop"
"000000002009","Astrupvej (Frederikssundsvej)",62.42,62.42,0.00,123,"1 baseline trips used this stop"
"000000001369","Hans Knudsens Plads (Lyngbyvej)",62.42,62.42,0.00,123,"1 baseline trips used this stop"
"000000000702","Rødkildevej (Godthåbsvej)",62.42,62.42,0.00,123,"2 baseline trips used this stop"
"000000000701","Bellahøjvej (Primulavej)",62.42,62.42,0.00,123,"1 baseline trips used this stop"
"000000000307","Utterslev Torv (Horsebakken)",62.42,62.42,0.00,123,"3 baseline trips used this stop"
"000000005490","Scandiagade (Teglholmsgade)",62.42,62.42,0.00,123,"1 baseline trips used this stop"
"000000001596","Stubmøllevej (Hammelstrupvej)",62.42,62.42,0.00,123,"4 baseline trips used this stop"
"000000010053","Frederikssundsvej (Husumvej)",62.42,62.42,0.00,123,"3 baseline trips used this stop"
"000000002026","Energicenter Voldparken (Åkandevej)",62.42,62.42,0.00,123,"1 baseline trips used this stop"
"000000029590","Oberst Kochs Allé (Skøjtevej)",62.42,62.42,0.00,123,"1 baseline trips used this stop"
"000000002025","Husumvold Kirke (Åkandevej)",62.42,62.42,0.01,123,"1 baseline trips used this stop"
"000000007174","Lundevangen (Tuborgvej)",62.42,62.42,0.01,123,"1 baseline trips used this stop"
"000000002345","Nyhavnsbroen (Holbergsgade)",62.42,62.42,0.01,126,"5 baseline trips used this stop"
"000000000883","Tunisvej (Kongelundsvej)",62.42,62.42,0.01,124,"7 baseline trips used this stop"
"000000003154","Halfdansgade",62.42,62.42,0.01,123,"3 baseline trips used this stop"
"000000000814","Mågevænget (Krudttårnsvej)",62.42,62.43,0.01,123,"3 baseline trips used this stop"
"000000001305","Frederiks Brygge (Vasbygade)",62.42,62.43,0.01,123,"2 baseline trips used this stop"
"000000028000","Bella Center  Indgang Vest",62.42,62.43,0.01,123,"5 baseline trips used this stop"
"000000030520","Ved Diget (Kastruplundgade)",62.42,62.43,0.01,123,"11 baseline trips used this stop"
"000000001434","Sønderjyllands Allé (Peter Bangs Vej)",62.42,62.43,0.01,123,"6 baseline trips used this stop"
"000000027656","Greisvej (Backersvej)",62.42,62.43,0.01,123,"3 baseline trips used this stop"
"000000002190","Ceylonvej (Backersvej)",62.42,62.43,0.01,123,"2 baseline trips used this stop"
"000000002189","Samosvej (Backersvej)",62.42,62.43,0.01,123,"3 baseline trips used this stop"
"000000001061","Skottegårdsskolen (Kastrupvej)",62.42,62.43,0.01,123,"5 baseline trips used this stop"
"000000001060","Hyben Allé (Kastrupvej)",62.42,62.43,0.01,123,"1 baseline trips used this stop"
"000000001059","Postparken (Kastrupvej)",62.42,62.43,0.01,123,"2 baseline trips used this stop"
"000000000692","Bellahøjvej (Annebergvej)",62.42,62.43,0.01,123,"5 baseline trips used this stop"
"000000001299","Polititorvet (Bernstorffsgade)",62.42,62.43,0.01,123,"1 baseline trips used this stop"
"000000056011","Tivoli Hotel (Kalvebod Brygge)",62.42,62.43,0.01,123,"1 baseline trips used this stop"
"000000001594","Mozarts Plads St. (Mozartsvej)",62.42,62.43,0.01,123,"1 baseline trips used this stop"
"000000000730","Tycho Brahes Allé (Amagerbrogade)",62.42,62.43,0.01,123,"4 baseline trips used this stop"
"000000007173","Estersvej (Tuborgvej)",62.42,62.43,0.01,123,"1 baseline trips used this stop"
"000000007184","Folehaven (Vigerslevvej)",62.42,62.43,0.01,123,"8 baseline trips used this stop"
"000000051759","Nordvestkirken (Utterslevvej)",62.42,62.43,0.01,123,"2 baseline trips used this stop"
"000000007090","Vigerslev Allé (Vigerslevvej)",62.42,62.43,0.01,123,"1 baseline trips used this stop"
"000000028414","Holmens Kirke (Holmens Kanal)",62.42,62.43,0.01,126,"1 baseline trips used this stop"
"000000007964","Ålholm Plads (Ålholmvej)",62.42,62.43,0.01,123,"2 baseline trips used this stop"
"000000007158","Peter Bangs Vej (Grøndals Parkvej)",62.42,62.43,0.01,123,"1 baseline trips used this stop"
"000000007155","Landlystvej (Vigerslevvej)",62.42,62.43,0.01,123,"1 baseline trips used this stop"
"000000000920","Bredager Torv (Kastruplundgade)",62.42,62.43,0.01,123,"4 baseline trips used this stop"
"000000001247","Lersø Parkallé (Haraldsgade)",62.42,62.43,0.01,124,"2 baseline trips used this stop"
"000000005091","København Syd St.  Grønttorvet",62.42,62.43,0.01,123,"2 baseline trips used this stop"
"000000005090","Folehaven (Gammel Køge Landevej)",62.42,62.43,0.01,123,"1 baseline trips used this stop"
"000000000829","Mågevænget (Krudttårnsvej)",62.42,62.43,0.01,123,"1 baseline trips used this stop"
"000000033340","København Syd St. (Carl Jacobsens Vej)",62.42,62.43,0.01,123,"1 baseline trips used this stop"
"000000001971","Sjællandsgade (Nørrebrogade)",62.42,62.43,0.01,123,"4 baseline trips used this stop"
"000000001972","Kapelvej (Nørrebrogade)",62.42,62.43,0.01,123,"1 baseline trips used this stop"
"000000001187","HF Stien (Carl Jacobsens Vej)",62.42,62.43,0.01,123,"3 baseline trips used this stop"
"000000055461","Sjælør St. (Carl Jacobsens Vej)",62.42,62.43,0.01,123,"1 baseline trips used this stop"
"000000007586","Ålekistevej  Sløjfen",62.42,62.43,0.01,123,"5 baseline trips used this stop"
"000000001964","Kobbelvænget (Frederikssundsvej)",62.42,62.43,0.01,123,"2 baseline trips used this stop"
"000000001592","Sydhavns Plads (Borgbjergsvej)",62.42,62.43,0.01,123,"1 baseline trips used this stop"
"000000001521","Nygårdsvej (Østerbrogade)",62.42,62.43,0.01,123,"1 baseline trips used this stop"
"000000000691","Rødkildevej (Primulavej)",62.42,62.43,0.02,123,"2 baseline trips used this stop"
"000000000258","Husum Torv (Frederikssundsvej)",62.42,62.43,0.02,123,"4 baseline trips used this stop"
"000000001183","Toftegårds Plads (Vigerslev Allé)",62.42,62.43,0.02,123,"2 baseline trips used this stop"
"000000007130","Emdrup Søpark (Tuborgvej)",62.42,62.43,0.02,123,"1 baseline trips used this stop"
"000000001442","Langgade St. (Valby Langgade)",62.42,62.43,0.02,124,"3 baseline trips used this stop"
"000000028323","Knud Lavards Gade (Ingerslevsgade)",62.42,62.43,0.02,123,"5 baseline trips used this stop"
"000000002164","Åfløjen (Frederikssundsvej)",62.42,62.43,0.02,123,"2 baseline trips used this stop"
"000000003169","Margretheholm (Refshalevej)",62.42,62.43,0.02,123,"3 baseline trips used this stop"
"000000002912","Dybbølsbro St. (Ingerslevsgade)",62.42,62.43,0.02,123,"3 baseline trips used this stop"
"000000000667","Sønderport (Amagerbrogade)",62.42,62.44,0.02,123,"4 baseline trips used this stop"
"000000002806","Fabrikmestervej  Operaen",62.42,62.44,0.02,123,"2 baseline trips used this stop"
"000000001589","Bavnehøj Hallen (Enghavevej)",62.42,62.44,0.02,125,"3 baseline trips used this stop"
"000000000703","Hulgårdsvej (Godthåbsvej)",62.42,62.44,0.02,123,"2 baseline trips used this stop"
"000000052831","Carlsberg St. (Vesterfælledvej)",62.42,62.44,0.02,123,"1 baseline trips used this stop"
"000000000884","Ugandavej (Kongelundsvej)",62.42,62.44,0.02,125,"6 baseline trips used this stop"
"000000005763","Kongelundsvej (Oliefabriksvej)",62.42,62.44,0.02,125,"4 baseline trips used this stop"
"000000001340","Sønderjyllands Allé (Peter Bangs Vej)",62.42,62.44,0.02,123,"3 baseline trips used this stop"
"000000000919","Skottegårdsskolen (Saltværksvej)",62.42,62.44,0.02,123,"2 baseline trips used this stop"
"000000002275","Husumvej (Frederikssundsvej)",62.42,62.44,0.02,123,"5 baseline trips used this stop"
"000000007172","Rymarksvej (Tuborgvej)",62.42,62.44,0.02,123,"1 baseline trips used this stop"
"000000028390","Sundbyvester Plads",62.42,62.44,0.02,123,"2 baseline trips used this stop"
"000000001194","Englandsvej (Vejlands Allé)",62.42,62.44,0.02,123,"1 baseline trips used this stop"
"000000001195","Irlandsvej (Vejlands Allé)",62.42,62.44,0.02,123,"2 baseline trips used this stop"
"000000000795","Vejlands Allé (Amagerbrogade)",62.42,62.44,0.02,123,"5 baseline trips used this stop"
"000000006584","Nørreport St. (Nørre Voldgade)",62.42,62.44,0.02,123,"4 baseline trips used this stop"
"000000001189","Ellebjergvej (Borgm. Christiansens Gade)",62.42,62.44,0.02,123,"3 baseline trips used this stop"
"000000000939","Tingvej (Peder Lykkes Vej)",62.42,62.44,0.02,123,"3 baseline trips used this stop"
"000000033322","Galionsvej (Danneskiold-Samsøes Allé)",62.42,62.45,0.03,123,"5 baseline trips used this stop"
"000000002075","Korsager Allé (Husumvej)",62.42,62.45,0.03,123,"4 baseline trips used this stop"
"000000002076","Kildebrøndevej (Husumvej)",62.42,62.45,0.03,123,"1 baseline trips used this stop"
"000000002112","Vanløse  Jydeholmen (Ålekistevej)",62.42,62.45,0.03,123,"2 baseline trips used this stop"
"000000052816","Mozarts Plads St. (Borgm. Christiansens Gade)",62.42,62.45,0.03,123,"2 baseline trips used this stop"
"000000055335","Sluseholmen St. (Borgm. Christiansens Gade)",62.42,62.45,0.03,123,"2 baseline trips used this stop"
"000000001982","Ved Slusen (Sjællandsbroen)",62.42,62.45,0.03,123,"1 baseline trips used this stop"
"000000002747","Center Boulevard (Vejlands Allé)",62.42,62.45,0.03,123,"3 baseline trips used this stop"
"000000007193","Aldersrogade (Lersø Parkallé)",62.42,62.45,0.03,125,"4 baseline trips used this stop"
"000000028002","Bella Center St. (Martha Christensens Vej)",62.42,62.45,0.03,124,"7 baseline trips used this stop"
"000000052817","Mozarts Plads St. (Borgm. Christiansens Gade)",62.42,62.45,0.03,124,"2 baseline trips used this stop"
"000000028007","Digevej (Vejlands Allé)",62.42,62.45,0.03,124,"2 baseline trips used this stop"
"000000001679","Vanløse St.  Jydeholmen (Jydeholmen)",62.42,62.45,0.03,123,"2 baseline trips used this stop"
"000000002754","Smyrnavej (Amagerbrogade)",62.42,62.45,0.03,123,"6 baseline trips used this stop"
"000000001193","Sluseholmen (Sjællandsbroen)",62.42,62.45,0.03,123,"3 baseline trips used this stop"
"000000007131","Emdrup St. (Tuborgvej)",62.42,62.45,0.03,125,"2 baseline trips used this stop"
"000000000113","Røde Mellemvej (Vejlands Allé)",62.42,62.45,0.03,124,"2 baseline trips used this stop"
"000000002807","Arsenaløen",62.42,62.45,0.04,123,"1 baseline trips used this stop"
"000000000690","Hulgårdsvej (Godthåbsvej)",62.42,62.45,0.04,123,"4 baseline trips used this stop"
"000000002078","Bjernedevej (Husumvej)",62.42,62.45,0.04,123,"1 baseline trips used this stop"
"000000002080","Kirkebjerg Allé (Ålekistevej)",62.42,62.45,0.04,123,"1 baseline trips used this stop"
"000000002079","Slotsherrensvej (Ålekistevej)",62.42,62.45,0.04,123,"1 baseline trips used this stop"
"000000002294","Jyllingevej (Jernbane Allé)",62.42,62.45,0.04,123,"1 baseline trips used this stop"
"000000002295","Børglumvej (Jernbane Allé)",62.42,62.45,0.04,123,"7 baseline trips used this stop"
"000000007584","Vanløse St. (Vanløse Allé)",62.42,62.45,0.04,123,"1 baseline trips used this stop"
"000000001980","Ved Slusen (Sjællandsbroen)",62.42,62.45,0.04,123,"2 baseline trips used this stop"
"000000007169","Emdrup Søpark (Tuborgvej)",62.42,62.45,0.04,123,"2 baseline trips used this stop"
"000000052838","Bellahøj (Frederikssundsvej)",62.42,62.46,0.04,123,"1 baseline trips used this stop"
"000000001970","Stefansgade (Nørrebrogade)",62.42,62.46,0.04,125,"4 baseline trips used this stop"
"000000005488","Scandiagade (Teglholmsgade)",62.42,62.46,0.04,125,"1 baseline trips used this stop"
"000000001316","Frederiks Brygge (Vasbygade)",62.42,62.46,0.04,125,"1 baseline trips used this stop"
"000000002829","Teglholm Allé (Teglholmsgade)",62.42,62.46,0.04,125,"1 baseline trips used this stop"
"000000005764","Holdkærs Ager (Oliefabriksvej)",62.42,62.46,0.04,125,"1 baseline trips used this stop"
"000000001192","Sluseholmen St. (Sjællandsbroen)",62.42,62.46,0.04,125,"3 baseline trips used this stop"
"000000001678","Grøndals Parkvej (Jernbane Allé)",62.42,62.46,0.04,123,"2 baseline trips used this stop"
"000000055952","Bellahøj (Frederikssundsvej)",62.42,62.46,0.04,123,"1 baseline trips used this stop"
"000000000239","Bellahøj (Borups Allé)",62.42,62.46,0.04,123,"3 baseline trips used this stop"
"000000002188","Italiensvej  Hospitalet (Backersvej)",62.42,62.46,0.04,124,"14 baseline trips used this stop"
"000000000230","Vester Farimagsgade (Gyldenløvesgade)",62.42,62.46,0.04,123,"3 baseline trips used this stop"
"000000002676","Sankt Annæ Gymnasium (Sjælør Boulevard)",62.42,62.46,0.04,123,"1 baseline trips used this stop"
"000000007013","Carlsberg St. (Vigerslev Allé)",62.42,62.46,0.04,123,"4 baseline trips used this stop"
"000000054886","Hillerødmotorvejen  Tingbjerg (Hillerødmotorvejen)",62.42,62.46,0.04,123,"5 baseline trips used this stop"
"000000000899","Grønjords Kollegiet (Amagerfælledvej)",62.42,62.46,0.04,123,"3 baseline trips used this stop"
"000000007168","Emdrup St. (Tuborgvej)",62.42,62.46,0.04,123,"4 baseline trips used this stop"
"000000007086","Retortvej (Folehaven)",62.42,62.46,0.05,125,"11 baseline trips used this stop"
"000000054679","Høsterkøbgade (Lundtoftegade)",62.42,62.47,0.05,123,"1 baseline trips used this stop"
"000000002082","Klitmøllervej (Ålekistevej)",62.42,62.47,0.05,123,"2 baseline trips used this stop"
"000000001677","Sønderjyllands Allé (Finsensvej)",62.42,62.47,0.05,123,"4 baseline trips used this stop"
"000000001676","Flintholm Allé (Finsensvej)",62.42,62.47,0.05,123,"2 baseline trips used this stop"
"000000001956","Ravnsborggade (Nørrebrogade)",62.42,62.47,0.05,123,"1 baseline trips used this stop"
"000000001962","Glasvej (Frederikssundsvej)",62.42,62.47,0.05,123,"3 baseline trips used this stop"
"000000000238","Hulgårdsvej (Borups Allé)",62.42,62.47,0.05,123,"4 baseline trips used this stop"
"000000001522","Poul Henningsens Plads St. (Østerbrogade)",62.42,62.47,0.05,124,"3 baseline trips used this stop"
"000000001443","Gåsebæksvej (Valby Langgade)",62.42,62.47,0.05,124,"3 baseline trips used this stop"
"000000007132","Bispebjerg Hospital (Tuborgvej)",62.42,62.47,0.05,125,"2 baseline trips used this stop"
"000000001672","Nordre Fasanvej (Finsensvej)",62.42,62.47,0.06,123,"2 baseline trips used this stop"
"000000053500","Trianglen St. (Blegdamsvej)",62.42,62.48,0.06,125,"1 baseline trips used this stop"
"000000001458","Poul Henningsens Plads St. (Østerbrogade)",62.42,62.48,0.06,125,"1 baseline trips used this stop"
"000000000235","Jagtvej (Ågade)",62.42,62.48,0.06,123,"2 baseline trips used this stop"
"000000000237","Mågevej (Borups Allé)",62.42,62.48,0.06,123,"1 baseline trips used this stop"
"000000000689","Rønnebærvej (Godthåbsvej)",62.42,62.48,0.06,123,"2 baseline trips used this stop"
"000000001318","Toldkammeret (Vasbygade)",62.42,62.48,0.06,125,"2 baseline trips used this stop"
"000000000339","Tagensvej (Tuborgvej)",62.42,62.48,0.06,128,"3 baseline trips used this stop"
"000000002121","Husumvej (Frederikssundsvej)",62.42,62.48,0.07,123,"6 baseline trips used this stop"
"000000000236","Hillerødgade (Borups Allé)",62.42,62.48,0.07,123,"1 baseline trips used this stop"
"000000001444","Tingstedet (Valby Langgade)",62.42,62.48,0.07,124,"2 baseline trips used this stop"
"000000000813","Store Magleby Strandvej (Krudttårnsvej)",62.42,62.49,0.07,125,"9 baseline trips used this stop"
"000000000112","Englandsvej (Vejlands Allé)",62.42,62.49,0.07,125,"11 baseline trips used this stop"
"000000007167","Bispebjerg Hospital (Tuborgvej)",62.42,62.49,0.07,123,"3 baseline trips used this stop"
"000000003030","Fuglebakken St. (Borups Allé)",62.42,62.49,0.07,123,"14 baseline trips used this stop"
"000000007192","Jagtvej (Lersø Parkallé)",62.42,62.49,0.07,128,"3 baseline trips used this stop"
"000000003029","Nordre Fasanvej (Borups Allé)",62.42,62.49,0.07,123,"15 baseline trips used this stop"
"000000000688","Grøndal St. (Godthåbsvej)",62.42,62.49,0.08,123,"1 baseline trips used this stop"
"000000001558","Skt. Hans Torv (Blegdamsvej)",62.42,62.49,0.08,125,"1 baseline trips used this stop"
"000000000668","Christmas Møllers Plads (Amagerbrogade)",62.42,62.49,0.08,123,"6 baseline trips used this stop"
"000000052466","Mosrosevej (Saltværksvej)",62.42,62.50,0.08,125,"1 baseline trips used this stop"
"000000051887","Østermarievej (Tårnbyvej)",62.42,62.50,0.08,125,"1 baseline trips used this stop"
"000000001112","De Små Haver (Pile Allé)",62.42,62.50,0.08,128,"1 baseline trips used this stop"
"000000010583","Sølyst (Fælledvej)",62.42,62.50,0.08,124,"7 baseline trips used this stop"
"000000000836","Sundbyvestervej (Englandsvej)",62.42,62.50,0.08,125,"2 baseline trips used this stop"
"000000053730","Valby St.  Lyshøjgårdsvej (Lyshøjgårdsvej)",62.42,62.50,0.09,128,"14 baseline trips used this stop"
"000000000687","C.F. Richs Vej (Godthåbsvej)",62.42,62.50,0.09,123,"1 baseline trips used this stop"
"000000007166","Tagensvej (Tuborgvej)",62.42,62.51,0.09,124,"3 baseline trips used this stop"
"000000028565","Helga Larsens Plads (Jydeholmen)",62.42,62.51,0.09,123,"3 baseline trips used this stop"
"000000001638","Vanløse St.  Jydeholmen (Jydeholmen)",62.42,62.51,0.09,123,"10 baseline trips used this stop"
"000000002187","Florensvej (Backersvej)",62.42,62.51,0.09,126,"6 baseline trips used this stop"
"000000005765","Fjelstrupvej (Oliefabriksvej)",62.42,62.51,0.09,127,"4 baseline trips used this stop"
"000000005766","HF ved Pilegården (Oliefabriksvej)",62.42,62.51,0.09,127,"5 baseline trips used this stop"
"000000027522","Islands Brygge St. (Njalsgade)",62.42,62.52,0.10,124,"1 baseline trips used this stop"
"000000000900","Hørgården (Amagerfælledvej)",62.42,62.52,0.10,124,"1 baseline trips used this stop"
"000000002044","Bodenhoffs Plads (Prinsessegade)",62.42,62.52,0.10,123,"9 baseline trips used this stop"
"000000000704","Rønnebærvej (Godthåbsvej)",62.42,62.52,0.10,123,"12 baseline trips used this stop"
"000008600761","Sjælør St.",62.42,62.52,0.11,123,"18 baseline trips used this stop"
"000000007133","Frederiksborgvej (Tomsgårdsvej)",62.42,62.53,0.11,134,"6 baseline trips used this stop"
"000000000685","Ndr. Fasanvej (Godthåbsvej)",62.42,62.53,0.11,123,"2 baseline trips used this stop"
"000000001447","Barfods Skole (Vesterbrogade)",62.42,62.53,0.11,125,"1 baseline trips used this stop"
"000000028050","Weidekampsgade (Klaksvigsgade)",62.42,62.53,0.11,124,"1 baseline trips used this stop"
"000000001163","Vesterport St. (Vester Farimagsgade)",62.42,62.53,0.11,127,"22 baseline trips used this stop"
"000000001014","Egensevej (Løjtegårdsvej)",62.42,62.54,0.12,130,"12 baseline trips used this stop"
"000000001015","Præstefælledvej (Løjtegårdsvej)",62.42,62.54,0.12,130,"3 baseline trips used this stop"
"000000001013","Oliefabriksvej (Løjtegårdsvej)",62.42,62.54,0.12,130,"9 baseline trips used this stop"
"000000002008","Veksøvej (Frederikssundsvej)",62.42,62.54,0.12,123,"8 baseline trips used this stop"
"000000001639","Grøndals Parkvej (Jernbane Allé)",62.42,62.54,0.12,123,"14 baseline trips used this stop"
"000000027529","Lergravsparken St. (Østrigsgade)",62.42,62.54,0.13,126,"9 baseline trips used this stop"
"000000010025","Toftegårds Plads (Vigerslev Allé)",62.42,62.55,0.13,128,"9 baseline trips used this stop"
"000000001523","Århusgade (Østerbrogade)",62.42,62.55,0.13,126,"4 baseline trips used this stop"
"000000001295","Vesterport St. (Hammerichsgade)",62.42,62.55,0.13,127,"15 baseline trips used this stop"
"000000000663","Tycho Brahes Allé (Amagerbrogade)",62.42,62.55,0.13,126,"8 baseline trips used this stop"
"000000002151","Nørrebro St. (Nørrebrogade)",62.42,62.55,0.13,125,"1 baseline trips used this stop"
"000000002046","Skt. Annæ Gade (Prinsessegade)",62.42,62.55,0.13,123,"8 baseline trips used this stop"
"000000000359","Frederiksborgvej (Tuborgvej)",62.42,62.55,0.14,124,"2 baseline trips used this stop"
"000000002666","Artillerivej (Vejlands Allé)",62.42,62.56,0.14,123,"3 baseline trips used this stop"
"000000007058","Sjælør Boulevard (Vigerslev Allé)",62.42,62.56,0.14,128,"1 baseline trips used this stop"
"000000027519","Aksel Møllers Have St. (Godthåbsvej)",62.42,62.56,0.14,123,"2 baseline trips used this stop"
"000000007918","Godthåbsvej (Hulgårdsvej)",62.42,62.56,0.14,138,"1 baseline trips used this stop"
"000000000744","Irlandsvej (Englandsvej)",62.42,62.56,0.14,125,"4 baseline trips used this stop"
"000000007136","Borups Allé (Hulgårdsvej)",62.42,62.56,0.14,138,"1 baseline trips used this stop"
"000000007137","Grøndal Centret (Hulgårdsvej)",62.42,62.56,0.14,138,"1 baseline trips used this stop"
"000000007134","Birkedommervej (Tomsgårdsvej)",62.42,62.56,0.14,138,"3 baseline trips used this stop"
"000000000676","Vester Farimagsgade (Gyldenløvesgade)",62.42,62.56,0.14,123,"15 baseline trips used this stop"
"000000000682","Falkoner Allé (Godthåbsvej)",62.42,62.56,0.15,123,"2 baseline trips used this stop"
"000000054887","Hillerødmotorvejen  Tingbjerg (Hillerødmotorvejen)",62.42,62.57,0.15,123,"15 baseline trips used this stop"
"000000027999","Bella Center  Indgang Vest",62.42,62.57,0.15,123,"2 baseline trips used this stop"
"000000000241","Mellemvangen (Hareskovvej)",62.42,62.57,0.15,123,"12 baseline trips used this stop"
"000000001979","Bulgariensgade (Østrigsgade)",62.42,62.57,0.16,126,"4 baseline trips used this stop"
"000000000911","Tingvej (Peder Lykkes Vej)",62.42,62.58,0.16,125,"2 baseline trips used this stop"
"000000000679","H.C. Ørsteds Vej (Rosenørns Allé)",62.42,62.58,0.16,123,"2 baseline trips used this stop"
"000000027520","Det Biovidenskabelige Fakultet (Rolighedsvej)",62.42,62.58,0.16,123,"1 baseline trips used this stop"
"000000001005","Bachersmindelejren (Fælledvej)",62.42,62.58,0.17,128,"4 baseline trips used this stop"
"000000051885","Melstedvej (Tårnbyvej)",62.42,62.59,0.17,133,"3 baseline trips used this stop"
"000000054414","Nørre Farimagsgade (Frederiksborggade)",62.42,62.59,0.17,127,"1 baseline trips used this stop"
"000000001975","Søtorvet (Frederiksborggade)",62.42,62.59,0.17,127,"3 baseline trips used this stop"
"000000001978","Holmbladsgade (Østrigsgade)",62.42,62.59,0.17,126,"7 baseline trips used this stop"
"000000002159","Nørrebros Runddel St. (Nørrebrogade)",62.42,62.59,0.18,123,"2 baseline trips used this stop"
"000000000705","Grøndal St. (Godthåbsvej)",62.42,62.59,0.18,123,"4 baseline trips used this stop"
"000000025083","Hulgårds Plads (Tomsgårdsvej)",62.42,62.60,0.18,127,"1 baseline trips used this stop"
"000000001152","Hovedbanegården  Frihedsstøtten (Vesterbrogade)",62.42,62.60,0.18,125,"6 baseline trips used this stop"
"000000001451","Vesterbros Torv (Vesterbrogade)",62.42,62.60,0.18,125,"3 baseline trips used this stop"
"000000007163","Borups Allé (Hulgårdsvej)",62.42,62.60,0.18,127,"1 baseline trips used this stop"
"000000028655","Flintholm St. (Grøndals Parkvej)",62.42,62.60,0.18,138,"18 baseline trips used this stop"
"000000028654","Flintholm St. (Grøndals Parkvej)",62.42,62.60,0.18,127,"15 baseline trips used this stop"
"000000001110","Bjerregårdsvej (Valby Langgade)",62.42,62.60,0.18,130,"1 baseline trips used this stop"
"000000001109","Gl. Jernbanevej (Valby Langgade)",62.42,62.60,0.18,130,"4 baseline trips used this stop"
"000000000910","Grønjords Kollegiet (Peder Lykkes Vej)",62.42,62.60,0.18,125,"1 baseline trips used this stop"
"000000001705","Sønderjyllands Allé",62.42,62.61,0.19,127,"3 baseline trips used this stop"
"000000001006","Fælledvej (Bachersmindevej)",62.42,62.61,0.19,129,"2 baseline trips used this stop"
"000000002152","Nørrebros Runddel St. (Nørrebrogade)",62.42,62.61,0.19,128,"6 baseline trips used this stop"
"000000007085","Gl.Køge Landevej (Folehaven)",62.42,62.61,0.19,133,"1 baseline trips used this stop"
"000000000860","Hørgården (Amagerfælledvej)",62.42,62.61,0.19,125,"1 baseline trips used this stop"
"000000048882","Copenhagen Camping (Bachersmindevej)",62.42,62.62,0.20,130,"2 baseline trips used this stop"
"000000001433","Peter Bangs Vej St. (Peter Bangs Vej)",62.42,62.62,0.20,128,"6 baseline trips used this stop"
"000000005094","København Syd St.  Grønttorvet",62.42,62.62,0.20,134,"4 baseline trips used this stop"
"000000001111","Kammasvej (Pile Allé)",62.42,62.62,0.20,130,"2 baseline trips used this stop"
"000000000811","Fasanvænget (Møllevej)",62.42,62.62,0.21,127,"4 baseline trips used this stop"
"000000028006","Bella Center St. (Martha Christensens Vej)",62.42,62.63,0.21,124,"5 baseline trips used this stop"
"000000045728","Sønder Boulevard (Enghavevej)",62.42,62.63,0.21,129,"1 baseline trips used this stop"
"000000001579","Åboulevard (H.C. Ørsteds Vej)",62.42,62.63,0.21,129,"1 baseline trips used this stop"
"000000001577","Prins Jørgens Gade (Stengade)",62.42,62.63,0.21,129,"1 baseline trips used this stop"
"000000001584","Frederiksberg Allé (Kingosgade)",62.42,62.63,0.21,129,"1 baseline trips used this stop"
"000008600702","Peter Bangs Vej St.",62.42,62.64,0.22,123,"9 baseline trips used this stop"
"000000001524","Gustav Adolfs Gade (Østerbrogade)",62.42,62.64,0.23,129,"1 baseline trips used this stop"
"000000053499","Trianglen St. (Blegdamsvej)",62.42,62.64,0.23,129,"1 baseline trips used this stop"
"000000050461","Nørreport St. (Nørre Voldgade)",62.42,62.64,0.23,125,"8 baseline trips used this stop"
"000000000907","Isafjordsgade (Njalsgade)",62.42,62.64,0.23,126,"21 baseline trips used this stop"
"000000002157","Nørre Farimagsgade (Frederiksborggade)",62.42,62.65,0.23,123,"5 baseline trips used this stop"
"000000000838","Følfodvej (Englandsvej)",62.42,62.65,0.23,125,"1 baseline trips used this stop"
"000000000837","Vejlands Allé (Englandsvej)",62.42,62.65,0.23,125,"1 baseline trips used this stop"
"000000000839","Skalbjergvej (Englandsvej)",62.42,62.65,0.23,125,"1 baseline trips used this stop"
"000000003001","Sønderport (Amager Boulevard)",62.42,62.65,0.23,124,"6 baseline trips used this stop"
"000000003002","Amagerfælledvej (Amager Boulevard)",62.42,62.66,0.24,124,"7 baseline trips used this stop"
"000000027539","Tingvej (Amagerbrogade)",62.42,62.66,0.24,124,"4 baseline trips used this stop"
"000000001432","Dalgas Boulevard (Peter Bangs Vej)",62.42,62.66,0.24,128,"1 baseline trips used this stop"
"000000001430","Lindevangs Allé (Peter Bangs Vej)",62.42,62.66,0.24,128,"1 baseline trips used this stop"
"000008600701","Langgade St.",62.42,62.66,0.24,123,"3 baseline trips used this stop"
"000000000706","C.F. Richs Vej (Godthåbsvej)",62.42,62.66,0.25,123,"1 baseline trips used this stop"
"000000045740","Elmegade (Nørrebrogade)",62.42,62.67,0.25,128,"25 baseline trips used this stop"
"000000000109","Røde Mellemvej (Vejlands Allé)",62.42,62.67,0.25,125,"10 baseline trips used this stop"
"000000000678","Forum St. (Rosenørns Allé)",62.42,62.68,0.26,124,"30 baseline trips used this stop"
"000000000707","Tesdorpfsvej (Godthåbsvej)",62.42,62.68,0.26,123,"1 baseline trips used this stop"
"000000000830","Store Magleby Strandvej (Møllevej)",62.42,62.69,0.27,132,"12 baseline trips used this stop"
"000000000708","Ndr. Fasanvej (Godthåbsvej)",62.42,62.69,0.28,123,"1 baseline trips used this stop"
"000000027532","Nørreport St. (Frederiksborggade)",62.42,62.70,0.28,129,"5 baseline trips used this stop"
"000000001977","Lyneborggade (Holmbladsgade)",62.42,62.70,0.29,128,"2 baseline trips used this stop"
"000000002024","Veksøvej (Frederikssundsvej)",62.42,62.71,0.29,126,"12 baseline trips used this stop"
"000000005454","Carl Jacobsens Vej (Gammel Køge Landevej)",62.42,62.72,0.30,138,"7 baseline trips used this stop"
"000008600645","Vesterport St.",62.42,62.72,0.30,124,"7 baseline trips used this stop"
"000000027518","Aksel Møllers Have St. (Godthåbsvej)",62.42,62.74,0.32,124,"3 baseline trips used this stop"
"000000052837","Teglgårdstræde (Nørre Voldgade)",62.42,62.74,0.33,130,"3 baseline trips used this stop"
"000008600760","Sydhavn St.",62.42,62.74,0.33,123,"28 baseline trips used this stop"
"000000000714","H.C. Ørsteds Vej (Rosenørns Allé)",62.42,62.75,0.33,124,"2 baseline trips used this stop"
"000000027521","Det Biovidenskabelige Fakultet (Rolighedsvej)",62.42,62.76,0.34,124,"8 baseline trips used this stop"
"000000027524","Christianshavn St. (Torvegade)",62.42,62.76,0.34,127,"7 baseline trips used this stop"
"000000002010","Brønshøj Torv (Frederikssundsvej)",62.42,62.76,0.35,126,"5 baseline trips used this stop"
"000008600642","Nørrebro St.",62.42,62.77,0.35,124,"2 baseline trips used this stop"
"000000000670","Knippelsbro (Torvegade)",62.42,62.78,0.36,127,"2 baseline trips used this stop"
"000000000671","Børsen (Børsgade)",62.42,62.78,0.36,127,"9 baseline trips used this stop"
"000000003005","Polititorvet",62.42,62.78,0.37,123,"38 baseline trips used this stop"
"000000000832","Fasanvænget (Møllevej)",62.42,62.79,0.37,134,"5 baseline trips used this stop"
"000000001976","Amagerbro St. (Holmbladsgade)",62.42,62.80,0.38,132,"6 baseline trips used this stop"
"000000000718","Rådhuspladsen St. (Vesterbrogade)",62.42,62.80,0.38,130,"25 baseline trips used this stop"
"000008600741","Ålholm St.",62.42,62.80,0.38,123,"13 baseline trips used this stop"
"000008600739","Bispebjerg St.",62.42,62.80,0.39,124,"11 baseline trips used this stop"
"000000047225","Rådhuspladsen St. (H.C. Andersens Boulevard)",62.42,62.81,0.39,138,"37 baseline trips used this stop"
"000000045739","Elmegade (Nørrebrogade)",62.42,62.81,0.39,129,"5 baseline trips used this stop"
"000000000726","Sønderport (Amagerbrogade)",62.42,62.81,0.39,132,"1 baseline trips used this stop"
"000000055521","København Syd St. (Carl Jacobsens Vej)",62.42,62.81,0.40,141,"1 baseline trips used this stop"
"000008600740","KB Hallen St.",62.42,62.82,0.40,123,"6 baseline trips used this stop"
"000008600688","Emdrup St.",62.42,62.83,0.41,124,"20 baseline trips used this stop"
"000008600640","Fuglebakken St.",62.42,62.83,0.41,123,"13 baseline trips used this stop"
"000000000725","Christmas Møllers Plads (Amagerbrogade)",62.42,62.83,0.41,132,"5 baseline trips used this stop"
"000000002057","Enghavevej (Ingerslevsgade)",62.42,62.85,0.44,138,"2 baseline trips used this stop"
"000008600742","Danshøj St.",62.42,62.87,0.45,123,"50 baseline trips used this stop"
"000000028324","Knud Lavards Gade (Ingerslevsgade)",62.42,62.88,0.46,138,"2 baseline trips used this stop"
"000000007051","Hovedbanegården (Tietgensgade)",62.42,62.89,0.47,138,"1 baseline trips used this stop"
"000000002056","Dybbølsbro St. (Ingerslevsgade)",62.42,62.89,0.47,138,"1 baseline trips used this stop"
"000000055462","Sjælør St. (Carl Jacobsens Vej)",62.42,62.90,0.48,143,"3 baseline trips used this stop"
"000000027525","Christianshavn St. (Torvegade)",62.42,62.91,0.49,132,"24 baseline trips used this stop"
"000000002675","Sankt Annæ Gymnasium (Sjælør Boulevard)",62.42,62.92,0.51,143,"9 baseline trips used this stop"
"000000002673","Vigerslev Allé (Sjælør Boulevard)",62.42,62.92,0.51,143,"9 baseline trips used this stop"
"000000027856","Knippelsbro (Torvegade)",62.42,62.93,0.51,132,"4 baseline trips used this stop"
"000000002149","Bellahøj (Frederikssundsvej)",62.42,62.93,0.52,128,"12 baseline trips used this stop"
"000000000722","Børsen (Børsgade)",62.42,62.95,0.53,132,"4 baseline trips used this stop"
"000008600804","Vigerslev Alle St.",62.42,62.97,0.56,128,"20 baseline trips used this stop"
"000008600641","Grøndal St.",62.42,62.98,0.56,124,"11 baseline trips used this stop"
"000000053198","Nørrebro St. (Folmer Bendtsens Plads)",62.42,62.99,0.58,125,"33 baseline trips used this stop"
"000008600705","Husum St.",62.42,62.99,0.58,125,"32 baseline trips used this stop"
"000000001986","Gammel Strand St. Christiansborg (Vindebrogade)",62.42,63.00,0.59,138,"9 baseline trips used this stop"
"000000054680","Høsterkøbgade (Lundtoftegade)",62.42,63.02,0.61,125,"3 baseline trips used this stop"
"000000052840","Borups Plads (Lundtoftegade)",62.42,63.03,0.61,125,"3 baseline trips used this stop"
"000000000720","Stormbroen  Nationalmuseet (Vindebrogade)",62.42,63.03,0.62,139,"7 baseline trips used this stop"
"000000000228","Jagtvej (Ågade)",62.42,63.04,0.63,125,"2 baseline trips used this stop"
"000000001671","Fasanvej (Smallegade)",62.42,63.06,0.64,130,"16 baseline trips used this stop"
"000000001428","Frederiksberg Bredegade (Smallegade)",62.42,63.06,0.64,130,"14 baseline trips used this stop"
"000000007057","Carlsberg St. (Vigerslev Allé)",62.42,63.08,0.66,147,"17 baseline trips used this stop"
"000000001427","Frederiksberg Rådhus (Smallegade)",62.42,63.08,0.66,130,"3 baseline trips used this stop"
"000000002022","Brønshøj Torv (Frederikssundsvej)",62.42,63.09,0.67,136,"3 baseline trips used this stop"
"000000047029","Rådhuspladsen St. (H.C. Andersens Boulevard)",62.42,63.11,0.69,129,"46 baseline trips used this stop"
"000000000672","Gammel Strand St. Christiansborg (Vindebrogade)",62.42,63.14,0.72,145,"24 baseline trips used this stop"
"000008600704","Islev St.",62.42,63.15,0.73,125,"9 baseline trips used this stop"
"000008600783","København Syd St.",62.42,63.17,0.75,127,"67 baseline trips used this stop"
"000000001425","Bülowsvej (Gammel Kongevej)",62.42,63.19,0.77,136,"1 baseline trips used this stop"
"000000001424","H.C. Ørsteds Vej (Gammel Kongevej)",62.42,63.20,0.78,136,"2 baseline trips used this stop"
"000000010844","Hovedbanegården  Tivoli (Bernstorffsgade)",62.42,63.20,0.78,133,"24 baseline trips used this stop"
"000000002161","Hulgårds Plads (Frederikssundsvej)",62.42,63.23,0.81,137,"15 baseline trips used this stop"
"000008600734","Jyllingevej St.",62.42,63.25,0.83,125,"18 baseline trips used this stop"
"000000052657","Nørrebro St. (Frederikssundsvej)",62.42,63.28,0.86,137,"2 baseline trips used this stop"
"000000002150","Hulgårds Plads (Frederikssundsvej)",62.42,63.29,0.87,129,"42 baseline trips used this stop"
"000008600654","Svanemøllen St.",62.42,63.33,0.91,127,"54 baseline trips used this stop"
"000000001074","Glyptoteket (Tietgensgade)",62.42,63.35,0.93,149,"23 baseline trips used this stop"
"000000025109","Klaksvigsgade (Amager Boulevard)",62.42,63.36,0.94,142,"18 baseline trips used this stop"
"000008600624","Valby St.",62.42,63.38,0.96,124,"62 baseline trips used this stop"
"000000010845","Hovedbanegården  Tivoli (Bernstorffsgade)",62.42,63.38,0.97,139,"59 baseline trips used this stop"
"000008600631","Carlsberg St.",62.42,63.39,0.97,129,"37 baseline trips used this stop"
"000000001996","A.D. Jørgensens vej (Sønderjyllands Allé)",62.42,63.53,1.11,159,"24 baseline trips used this stop"
"000008600644","Ryparken St.",62.42,63.54,1.12,128,"71 baseline trips used this stop"
"000000000807","Klaksvigsgade (Langebro)",62.42,63.56,1.14,159,"2 baseline trips used this stop"
"000008600703","Vanløse St.",62.42,63.63,1.21,127,"35 baseline trips used this stop"
"000008600634","Dybbølsbro St.",62.42,63.65,1.24,123,"47 baseline trips used this stop"
"000000000715","Forum St. (Rosenørns Allé)",62.42,63.67,1.25,127,"34 baseline trips used this stop"
"000000030091","Otto Mønsteds Plads (Rysensteensgade)",62.42,63.76,1.34,163,"38 baseline trips used this stop"
"000000001341","Peter Bangs Vej St. (Peter Bangs Vej)",62.42,63.77,1.35,163,"5 baseline trips used this stop"
"000000001342","Dalgas Boulevard (Peter Bangs Vej)",62.42,63.82,1.41,164,"3 baseline trips used this stop"
"000000001344","Lindevangs Allé (Peter Bangs Vej)",62.42,63.91,1.49,164,"11 baseline trips used this stop"
"000000000762","Store Magleby (Englandsvej)",62.42,63.92,1.50,163,"28 baseline trips used this stop"
"000000000782","Store Magleby (Englandsvej)",62.42,63.92,1.51,160,"23 baseline trips used this stop"
"000008600653","Nordhavn St.",62.42,63.95,1.54,129,"40 baseline trips used this stop"
"000000001345","Fasanvej (Smallegade)",62.42,64.01,1.59,165,"13 baseline trips used this stop"
"000008600646","Nørreport St.",62.42,64.04,1.62,124,"52 baseline trips used this stop"
"000000001346","Frederiksberg Bredegade (Smallegade)",62.42,64.05,1.63,165,"5 baseline trips used this stop"
"000000001351","Værnedamsvej (Gammel Kongevej)",62.42,64.08,1.66,166,"5 baseline trips used this stop"
"000000001350","H.C. Ørsteds Vej (Gammel Kongevej)",62.42,64.08,1.66,166,"1 baseline trips used this stop"
"000000001352","Det Ny Teater (Gammel Kongevej)",62.42,64.08,1.66,166,"4 baseline trips used this stop"
"000000001347","Frederiksberg Rådhus (Smallegade)",62.42,64.08,1.66,166,"20 baseline trips used this stop"
"000000001646","Vesterport St. (Ved Vesterport)",62.42,64.08,1.66,166,"2 baseline trips used this stop"
"000008600650","Østerport St.",62.42,64.10,1.68,127,"43 baseline trips used this stop"
"000000001348","Henrik Steffens Vej (Gammel Kongevej)",62.42,64.10,1.68,166,"11 baseline trips used this stop"
"000000001349","Bülowsvej (Gammel Kongevej)",62.42,64.10,1.68,166,"28 baseline trips used this stop"
"000000000761","Tømmerup (Englandsvej)",62.42,64.19,1.77,169,"23 baseline trips used this stop"
"000000000846","Tømmerup (Englandsvej)",62.42,64.22,1.80,165,"16 baseline trips used this stop"
"000000000848","Ingstrup Allé (Englandsvej)",62.42,64.23,1.81,165,"1 baseline trips used this stop"
"000008600736","Flintholm St.",62.42,64.29,1.87,128,"46 baseline trips used this stop"
"000000000849","Brønderslev Allé (Englandsvej)",62.42,64.31,1.89,167,"5 baseline trips used this stop"
"000000000844","Ingstrup Allé (Englandsvej)",62.42,64.37,1.95,173,"19 baseline trips used this stop"
"000000000850","Løjtegårdsvej (Englandsvej)",62.42,64.72,2.30,187,"4 baseline trips used this stop"
"000000010842","Hovedbanegården  Tivoli (Bernstorffsgade)",62.42,64.74,2.32,180,"17 baseline trips used this stop"
"000000000852","Tårnby St. (Englandsvej)",62.42,64.93,2.51,193,"9 baseline trips used this stop"
"000000000843","Brønderslev Allé (Englandsvej)",62.42,64.95,2.53,186,"45 baseline trips used this stop"
"000000001017","Irlandsvej (Tårnbyvej)",62.42,64.95,2.53,188,"26 baseline trips used this stop"
"000000000719","Glyptoteket (Tietgensgade)",62.42,65.00,2.58,187,"111 baseline trips used this stop"
"000000000792","Korsvejens Skole (Amager Landevej)",62.42,65.57,3.15,212,"22 baseline trips used this stop"
"000000003000","Sundbyvester Plads (Amagerbrogade)",62.42,65.62,3.21,212,"20 baseline trips used this stop"
"000000010843","Hovedbanegården  Tivoli (Bernstorffsgade)",62.42,65.65,3.23,166,"97 baseline trips used this stop"
"000000000806","Ørestads Boulevard (Amager Boulevard)",62.42,65.83,3.41,225,"68 baseline trips used this stop"
"000000000664","Øresundsvej (Amagerbrogade)",62.42,65.92,3.51,223,"61 baseline trips used this stop"
"000000027526","Amagerbro St. (Amagerbrogade)",62.42,65.96,3.55,228,"27 baseline trips used this stop"
"000000001022","Irlandsvej (Tårnbyvej)",62.42,66.10,3.68,230,"25 baseline trips used this stop"
"000000000842","Løjtegårdsvej (Englandsvej)",62.42,66.24,3.82,229,"19 baseline trips used this stop"
"000000000840","Tårnby St. (Englandsvej)",62.42,66.40,3.98,231,"32 baseline trips used this stop"
"000008600858","CPH Lufthavn",62.42,66.48,4.06,189,"71 baseline trips used this stop"
"000000001020","Korsvejens Skole (Tårnbyvej)",62.42,67.49,5.07,266,"35 baseline trips used this stop"
"000008600857","Tårnby St.",62.42,67.54,5.12,194,"42 baseline trips used this stop"
"000000027527","Amagerbro St. (Amagerbrogade)",62.42,67.70,5.28,261,"35 baseline trips used this stop"
"000000000738","Ørestads Boulevard (Amager Boulevard)",62.42,67.74,5.32,260,"101 baseline trips used this stop"
"000000001217","Sundbyvester Plads (Amagerbrogade)",62.42,67.78,5.37,267,"30 baseline trips used this stop"
"000000000729","Øresundsvej (Amagerbrogade)",62.42,67.92,5.50,269,"31 baseline trips used this stop"
"000008600856","Ørestad St.",62.42,69.45,7.03,204,"54 baseline trips used this stop"
"000008600626","København H",62.42,69.48,7.06,188,"214 baseline trips used this stop"
